id,from_section_id,to_section_id,from_statute_id,to_statute_id,effective_on,relation,note,source_doc,verified_by,verified_on
sup-000000-1-1,ipc-1860-s1,bns-2023-s1,ipc-1860,bns-2023,2024-07-01,maps_to,,ncrb_BNS.html,,
sup-000002-2-1,ipc-1860-s2,bns-2023-s1,ipc-1860,bns-2023,2024-07-01,maps_to,,ncrb_BNS.html,,
sup-000003-3-1,ipc-1860-s3,bns-2023-s1,ipc-1860,bns-2023,2024-07-01,maps_to,,ncrb_BNS.html,,
sup-000004-4-1,ipc-1860-s4,bns-2023-s1,ipc-1860,bns-2023,2024-07-01,maps_to,,ncrb_BNS.html,,
sup-000005-5-1,ipc-1860-s5,bns-2023-s1,ipc-1860,bns-2023,2024-07-01,maps_to,,ncrb_BNS.html,,
sup-000006-33-2,ipc-1860-s33,bns-2023-s2,ipc-1860,bns-2023,2024-07-01,maps_to,,ncrb_BNS.html,,
sup-000007-47-2,ipc-1860-s47,bns-2023-s2,ipc-1860,bns-2023,2024-07-01,maps_to,,ncrb_BNS.html,,
sup-000009-28-2,ipc-1860-s28,bns-2023-s2,ipc-1860,bns-2023,2024-07-01,maps_to,,ncrb_BNS.html,,
sup-000010-20-2,ipc-1860-s20,bns-2023-s2,ipc-1860,bns-2023,2024-07-01,maps_to,,ncrb_BNS.html,,
sup-000011-46-2,ipc-1860-s46,bns-2023-s2,ipc-1860,bns-2023,2024-07-01,maps_to,,ncrb_BNS.html,,
sup-000012-24-2,ipc-1860-s24,bns-2023-s2,ipc-1860,bns-2023,2024-07-01,maps_to,,ncrb_BNS.html,,
sup-000013-29-2,ipc-1860-s29,bns-2023-s2,ipc-1860,bns-2023,2024-07-01,maps_to,,ncrb_BNS.html,,
sup-000014-29A,ipc-1860-s29A,,ipc-1860,,2024-07-01,repealed_no_successor,repealed 2024-07-01; no corresponding provision,ncrb_BNS.html,,
sup-000015-25-2,ipc-1860-s25,bns-2023-s2,ipc-1860,bns-2023,2024-07-01,maps_to,,ncrb_BNS.html,,
sup-000016-8-2,ipc-1860-s8,bns-2023-s2,ipc-1860,bns-2023,2024-07-01,maps_to,,ncrb_BNS.html,,
sup-000017-52-2,ipc-1860-s52,bns-2023-s2,ipc-1860,bns-2023,2024-07-01,maps_to,,ncrb_BNS.html,,
sup-000018-17-2,ipc-1860-s17,bns-2023-s2,ipc-1860,bns-2023,2024-07-01,maps_to,,ncrb_BNS.html,,
sup-000019-18,ipc-1860-s18,,ipc-1860,,2024-07-01,repealed_no_successor,repealed 2024-07-01; no corresponding provision,ncrb_BNS.html,,
sup-000020-52A-2,ipc-1860-s52A,bns-2023-s2,ipc-1860,bns-2023,2024-07-01,maps_to,,ncrb_BNS.html,,
sup-000021-44-2,ipc-1860-s44,bns-2023-s2,ipc-1860,bns-2023,2024-07-01,maps_to,,ncrb_BNS.html,,
sup-000022-43-2,ipc-1860-s43,bns-2023-s2,ipc-1860,bns-2023,2024-07-01,maps_to,,ncrb_BNS.html,,
sup-000023-19-2,ipc-1860-s19,bns-2023-s2,ipc-1860,bns-2023,2024-07-01,maps_to,,ncrb_BNS.html,,
sup-000024-45-2,ipc-1860-s45,bns-2023-s2,ipc-1860,bns-2023,2024-07-01,maps_to,,ncrb_BNS.html,,
sup-000025-42-2,ipc-1860-s42,bns-2023-s2,ipc-1860,bns-2023,2024-07-01,maps_to,,ncrb_BNS.html,,
sup-000026-10-2,ipc-1860-s10,bns-2023-s2,ipc-1860,bns-2023,2024-07-01,maps_to,,ncrb_BNS.html,,
sup-000027-49-2,ipc-1860-s49,bns-2023-s2,ipc-1860,bns-2023,2024-07-01,maps_to,,ncrb_BNS.html,,
sup-000028-22-2,ipc-1860-s22,bns-2023-s2,ipc-1860,bns-2023,2024-07-01,maps_to,,ncrb_BNS.html,,
sup-000029-9-2,ipc-1860-s9,bns-2023-s2,ipc-1860,bns-2023,2024-07-01,maps_to,,ncrb_BNS.html,,
sup-000030-51-2,ipc-1860-s51,bns-2023-s2,ipc-1860,bns-2023,2024-07-01,maps_to,,ncrb_BNS.html,,
sup-000031-40-2,ipc-1860-s40,bns-2023-s2,ipc-1860,bns-2023,2024-07-01,maps_to,,ncrb_BNS.html,,
sup-000033-11-2,ipc-1860-s11,bns-2023-s2,ipc-1860,bns-2023,2024-07-01,maps_to,,ncrb_BNS.html,,
sup-000034-12-2,ipc-1860-s12,bns-2023-s2,ipc-1860,bns-2023,2024-07-01,maps_to,,ncrb_BNS.html,,
sup-000035-14,ipc-1860-s14,,ipc-1860,,2024-07-01,repealed_no_successor,repealed 2024-07-01; no corresponding provision,ncrb_BNS.html,,
sup-000036-21-2,ipc-1860-s21,bns-2023-s2,ipc-1860,bns-2023,2024-07-01,maps_to,,ncrb_BNS.html,,
sup-000037-26-2,ipc-1860-s26,bns-2023-s2,ipc-1860,bns-2023,2024-07-01,maps_to,,ncrb_BNS.html,,
sup-000038-50,ipc-1860-s50,,ipc-1860,,2024-07-01,repealed_no_successor,repealed 2024-07-01; no corresponding provision,ncrb_BNS.html,,
sup-000039-41-2,ipc-1860-s41,bns-2023-s2,ipc-1860,bns-2023,2024-07-01,maps_to,,ncrb_BNS.html,,
sup-000040-30-2,ipc-1860-s30,bns-2023-s2,ipc-1860,bns-2023,2024-07-01,maps_to,,ncrb_BNS.html,,
sup-000041-48-2,ipc-1860-s48,bns-2023-s2,ipc-1860,bns-2023,2024-07-01,maps_to,,ncrb_BNS.html,,
sup-000042-39-2,ipc-1860-s39,bns-2023-s2,ipc-1860,bns-2023,2024-07-01,maps_to,,ncrb_BNS.html,,
sup-000043-31-2,ipc-1860-s31,bns-2023-s2,ipc-1860,bns-2023,2024-07-01,maps_to,,ncrb_BNS.html,,
sup-000045-23-2,ipc-1860-s23,bns-2023-s2,ipc-1860,bns-2023,2024-07-01,maps_to,,ncrb_BNS.html,,
sup-000049-6-3,ipc-1860-s6,bns-2023-s3,ipc-1860,bns-2023,2024-07-01,maps_to,,ncrb_BNS.html,,
sup-000050-7-3,ipc-1860-s7,bns-2023-s3,ipc-1860,bns-2023,2024-07-01,maps_to,,ncrb_BNS.html,,
sup-000051-27-3,ipc-1860-s27,bns-2023-s3,ipc-1860,bns-2023,2024-07-01,maps_to,,ncrb_BNS.html,,
sup-000052-32-3,ipc-1860-s32,bns-2023-s3,ipc-1860,bns-2023,2024-07-01,maps_to,,ncrb_BNS.html,,
sup-000053-34-3,ipc-1860-s34,bns-2023-s3,ipc-1860,bns-2023,2024-07-01,maps_to,,ncrb_BNS.html,,
sup-000054-35-3,ipc-1860-s35,bns-2023-s3,ipc-1860,bns-2023,2024-07-01,maps_to,,ncrb_BNS.html,,
sup-000055-36-3,ipc-1860-s36,bns-2023-s3,ipc-1860,bns-2023,2024-07-01,maps_to,,ncrb_BNS.html,,
sup-000056-37-3,ipc-1860-s37,bns-2023-s3,ipc-1860,bns-2023,2024-07-01,maps_to,,ncrb_BNS.html,,
sup-000057-38-3,ipc-1860-s38,bns-2023-s3,ipc-1860,bns-2023,2024-07-01,maps_to,,ncrb_BNS.html,,
sup-000058-53-4,ipc-1860-s53,bns-2023-s4,ipc-1860,bns-2023,2024-07-01,maps_to,,ncrb_BNS.html,,
sup-000059-53A,ipc-1860-s53A,,ipc-1860,,2024-07-01,repealed_no_successor,repealed 2024-07-01; no corresponding provision,ncrb_BNS.html,,
sup-000060-54-5,ipc-1860-s54,bns-2023-s5,ipc-1860,bns-2023,2024-07-01,maps_to,,ncrb_BNS.html,,
sup-000061-57-6,ipc-1860-s57,bns-2023-s6,ipc-1860,bns-2023,2024-07-01,maps_to,,ncrb_BNS.html,,
sup-000062-60-7,ipc-1860-s60,bns-2023-s7,ipc-1860,bns-2023,2024-07-01,maps_to,,ncrb_BNS.html,,
sup-000063-63-8,ipc-1860-s63,bns-2023-s8,ipc-1860,bns-2023,2024-07-01,maps_to,,ncrb_BNS.html,,
sup-000064-64-8,ipc-1860-s64,bns-2023-s8,ipc-1860,bns-2023,2024-07-01,maps_to,,ncrb_BNS.html,,
sup-000065-65-8,ipc-1860-s65,bns-2023-s8,ipc-1860,bns-2023,2024-07-01,maps_to,,ncrb_BNS.html,,
sup-000066-66-8,ipc-1860-s66,bns-2023-s8,ipc-1860,bns-2023,2024-07-01,maps_to,,ncrb_BNS.html,,
sup-000067-67-8,ipc-1860-s67,bns-2023-s8,ipc-1860,bns-2023,2024-07-01,maps_to,,ncrb_BNS.html,,
sup-000068-68-8,ipc-1860-s68,bns-2023-s8,ipc-1860,bns-2023,2024-07-01,maps_to,,ncrb_BNS.html,,
sup-000069-69-8,ipc-1860-s69,bns-2023-s8,ipc-1860,bns-2023,2024-07-01,maps_to,,ncrb_BNS.html,,
sup-000070-70-8,ipc-1860-s70,bns-2023-s8,ipc-1860,bns-2023,2024-07-01,maps_to,,ncrb_BNS.html,,
sup-000071-71-9,ipc-1860-s71,bns-2023-s9,ipc-1860,bns-2023,2024-07-01,maps_to,,ncrb_BNS.html,,
sup-000072-72-10,ipc-1860-s72,bns-2023-s10,ipc-1860,bns-2023,2024-07-01,maps_to,,ncrb_BNS.html,,
sup-000073-73-11,ipc-1860-s73,bns-2023-s11,ipc-1860,bns-2023,2024-07-01,maps_to,,ncrb_BNS.html,,
sup-000074-74-12,ipc-1860-s74,bns-2023-s12,ipc-1860,bns-2023,2024-07-01,maps_to,,ncrb_BNS.html,,
sup-000075-75-13,ipc-1860-s75,bns-2023-s13,ipc-1860,bns-2023,2024-07-01,maps_to,,ncrb_BNS.html,,
sup-000076-76-14,ipc-1860-s76,bns-2023-s14,ipc-1860,bns-2023,2024-07-01,maps_to,,ncrb_BNS.html,,
sup-000077-77-15,ipc-1860-s77,bns-2023-s15,ipc-1860,bns-2023,2024-07-01,maps_to,,ncrb_BNS.html,,
sup-000078-78-16,ipc-1860-s78,bns-2023-s16,ipc-1860,bns-2023,2024-07-01,maps_to,,ncrb_BNS.html,,
sup-000079-79-17,ipc-1860-s79,bns-2023-s17,ipc-1860,bns-2023,2024-07-01,maps_to,,ncrb_BNS.html,,
sup-000080-80-18,ipc-1860-s80,bns-2023-s18,ipc-1860,bns-2023,2024-07-01,maps_to,,ncrb_BNS.html,,
sup-000081-81-19,ipc-1860-s81,bns-2023-s19,ipc-1860,bns-2023,2024-07-01,maps_to,,ncrb_BNS.html,,
sup-000082-82-20,ipc-1860-s82,bns-2023-s20,ipc-1860,bns-2023,2024-07-01,maps_to,,ncrb_BNS.html,,
sup-000083-83-21,ipc-1860-s83,bns-2023-s21,ipc-1860,bns-2023,2024-07-01,maps_to,,ncrb_BNS.html,,
sup-000084-84-22,ipc-1860-s84,bns-2023-s22,ipc-1860,bns-2023,2024-07-01,maps_to,,ncrb_BNS.html,,
sup-000085-85-23,ipc-1860-s85,bns-2023-s23,ipc-1860,bns-2023,2024-07-01,maps_to,,ncrb_BNS.html,,
sup-000086-86-24,ipc-1860-s86,bns-2023-s24,ipc-1860,bns-2023,2024-07-01,maps_to,,ncrb_BNS.html,,
sup-000087-87-25,ipc-1860-s87,bns-2023-s25,ipc-1860,bns-2023,2024-07-01,maps_to,,ncrb_BNS.html,,
sup-000088-88-26,ipc-1860-s88,bns-2023-s26,ipc-1860,bns-2023,2024-07-01,maps_to,,ncrb_BNS.html,,
sup-000089-89-27,ipc-1860-s89,bns-2023-s27,ipc-1860,bns-2023,2024-07-01,maps_to,,ncrb_BNS.html,,
sup-000090-90-28,ipc-1860-s90,bns-2023-s28,ipc-1860,bns-2023,2024-07-01,maps_to,,ncrb_BNS.html,,
sup-000091-91-29,ipc-1860-s91,bns-2023-s29,ipc-1860,bns-2023,2024-07-01,maps_to,,ncrb_BNS.html,,
sup-000092-92-30,ipc-1860-s92,bns-2023-s30,ipc-1860,bns-2023,2024-07-01,maps_to,,ncrb_BNS.html,,
sup-000093-93-31,ipc-1860-s93,bns-2023-s31,ipc-1860,bns-2023,2024-07-01,maps_to,,ncrb_BNS.html,,
sup-000094-94-32,ipc-1860-s94,bns-2023-s32,ipc-1860,bns-2023,2024-07-01,maps_to,,ncrb_BNS.html,,
sup-000095-95-33,ipc-1860-s95,bns-2023-s33,ipc-1860,bns-2023,2024-07-01,maps_to,,ncrb_BNS.html,,
sup-000096-96-34,ipc-1860-s96,bns-2023-s34,ipc-1860,bns-2023,2024-07-01,maps_to,,ncrb_BNS.html,,
sup-000097-97-35,ipc-1860-s97,bns-2023-s35,ipc-1860,bns-2023,2024-07-01,maps_to,,ncrb_BNS.html,,
sup-000098-98-36,ipc-1860-s98,bns-2023-s36,ipc-1860,bns-2023,2024-07-01,maps_to,,ncrb_BNS.html,,
sup-000099-99-37,ipc-1860-s99,bns-2023-s37,ipc-1860,bns-2023,2024-07-01,maps_to,,ncrb_BNS.html,,
sup-000100-100-38,ipc-1860-s100,bns-2023-s38,ipc-1860,bns-2023,2024-07-01,maps_to,,ncrb_BNS.html,,
sup-000101-101-39,ipc-1860-s101,bns-2023-s39,ipc-1860,bns-2023,2024-07-01,maps_to,,ncrb_BNS.html,,
sup-000102-102-40,ipc-1860-s102,bns-2023-s40,ipc-1860,bns-2023,2024-07-01,maps_to,,ncrb_BNS.html,,
sup-000103-103-41,ipc-1860-s103,bns-2023-s41,ipc-1860,bns-2023,2024-07-01,maps_to,,ncrb_BNS.html,,
sup-000104-104-42,ipc-1860-s104,bns-2023-s42,ipc-1860,bns-2023,2024-07-01,maps_to,,ncrb_BNS.html,,
sup-000105-105-43,ipc-1860-s105,bns-2023-s43,ipc-1860,bns-2023,2024-07-01,maps_to,,ncrb_BNS.html,,
sup-000106-106-44,ipc-1860-s106,bns-2023-s44,ipc-1860,bns-2023,2024-07-01,maps_to,,ncrb_BNS.html,,
sup-000107-107-45,ipc-1860-s107,bns-2023-s45,ipc-1860,bns-2023,2024-07-01,maps_to,,ncrb_BNS.html,,
sup-000108-108-46,ipc-1860-s108,bns-2023-s46,ipc-1860,bns-2023,2024-07-01,maps_to,,ncrb_BNS.html,,
sup-000109-108A-47,ipc-1860-s108A,bns-2023-s47,ipc-1860,bns-2023,2024-07-01,maps_to,,ncrb_BNS.html,,
sup-000111-109-49,ipc-1860-s109,bns-2023-s49,ipc-1860,bns-2023,2024-07-01,maps_to,,ncrb_BNS.html,,
sup-000112-110-50,ipc-1860-s110,bns-2023-s50,ipc-1860,bns-2023,2024-07-01,maps_to,,ncrb_BNS.html,,
sup-000113-111-51,ipc-1860-s111,bns-2023-s51,ipc-1860,bns-2023,2024-07-01,maps_to,,ncrb_BNS.html,,
sup-000114-112-52,ipc-1860-s112,bns-2023-s52,ipc-1860,bns-2023,2024-07-01,maps_to,,ncrb_BNS.html,,
sup-000115-113-53,ipc-1860-s113,bns-2023-s53,ipc-1860,bns-2023,2024-07-01,maps_to,,ncrb_BNS.html,,
sup-000116-114-54,ipc-1860-s114,bns-2023-s54,ipc-1860,bns-2023,2024-07-01,maps_to,,ncrb_BNS.html,,
sup-000117-115-55,ipc-1860-s115,bns-2023-s55,ipc-1860,bns-2023,2024-07-01,maps_to,,ncrb_BNS.html,,
sup-000118-116-56,ipc-1860-s116,bns-2023-s56,ipc-1860,bns-2023,2024-07-01,maps_to,,ncrb_BNS.html,,
sup-000119-117-57,ipc-1860-s117,bns-2023-s57,ipc-1860,bns-2023,2024-07-01,maps_to,,ncrb_BNS.html,,
sup-000120-118-58,ipc-1860-s118,bns-2023-s58,ipc-1860,bns-2023,2024-07-01,maps_to,,ncrb_BNS.html,,
sup-000121-119-59,ipc-1860-s119,bns-2023-s59,ipc-1860,bns-2023,2024-07-01,maps_to,,ncrb_BNS.html,,
sup-000122-120-60,ipc-1860-s120,bns-2023-s60,ipc-1860,bns-2023,2024-07-01,maps_to,,ncrb_BNS.html,,
sup-000123-120A-61,ipc-1860-s120A,bns-2023-s61,ipc-1860,bns-2023,2024-07-01,maps_to,,ncrb_BNS.html,,
sup-000124-120B-61,ipc-1860-s120B,bns-2023-s61,ipc-1860,bns-2023,2024-07-01,maps_to,,ncrb_BNS.html,,
sup-000125-511-62,ipc-1860-s511,bns-2023-s62,ipc-1860,bns-2023,2024-07-01,maps_to,,ncrb_BNS.html,,
sup-000126-375-63,ipc-1860-s375,bns-2023-s63,ipc-1860,bns-2023,2024-07-01,maps_to,,ncrb_BNS.html,,
sup-000127-376-64,ipc-1860-s376,bns-2023-s64,ipc-1860,bns-2023,2024-07-01,maps_to,,ncrb_BNS.html,,
sup-000128-376-65,ipc-1860-s376,bns-2023-s65,ipc-1860,bns-2023,2024-07-01,maps_to,,ncrb_BNS.html,,
sup-000129-376AB-65,ipc-1860-s376AB,bns-2023-s65,ipc-1860,bns-2023,2024-07-01,maps_to,,ncrb_BNS.html,,
sup-000130-376A-66,ipc-1860-s376A,bns-2023-s66,ipc-1860,bns-2023,2024-07-01,maps_to,,ncrb_BNS.html,,
sup-000131-376B-67,ipc-1860-s376B,bns-2023-s67,ipc-1860,bns-2023,2024-07-01,maps_to,,ncrb_BNS.html,,
sup-000132-376C-68,ipc-1860-s376C,bns-2023-s68,ipc-1860,bns-2023,2024-07-01,maps_to,,ncrb_BNS.html,,
sup-000134-376D-70,ipc-1860-s376D,bns-2023-s70,ipc-1860,bns-2023,2024-07-01,maps_to,,ncrb_BNS.html,,
sup-000135-376DA-70,ipc-1860-s376DA,bns-2023-s70,ipc-1860,bns-2023,2024-07-01,maps_to,,ncrb_BNS.html,,
sup-000135-376DB-70,ipc-1860-s376DB,bns-2023-s70,ipc-1860,bns-2023,2024-07-01,maps_to,,ncrb_BNS.html,,
sup-000136-376E-71,ipc-1860-s376E,bns-2023-s71,ipc-1860,bns-2023,2024-07-01,maps_to,,ncrb_BNS.html,,
sup-000137-377,ipc-1860-s377,,ipc-1860,,2024-07-01,repealed_no_successor,repealed 2024-07-01; no corresponding provision,ncrb_BNS.html,,
sup-000138-228A-72,ipc-1860-s228A,bns-2023-s72,ipc-1860,bns-2023,2024-07-01,maps_to,,ncrb_BNS.html,,
sup-000139-228A-73,ipc-1860-s228A,bns-2023-s73,ipc-1860,bns-2023,2024-07-01,maps_to,,ncrb_BNS.html,,
sup-000140-354-74,ipc-1860-s354,bns-2023-s74,ipc-1860,bns-2023,2024-07-01,maps_to,,ncrb_BNS.html,,
sup-000141-354A-75,ipc-1860-s354A,bns-2023-s75,ipc-1860,bns-2023,2024-07-01,maps_to,,ncrb_BNS.html,,
sup-000142-354B-76,ipc-1860-s354B,bns-2023-s76,ipc-1860,bns-2023,2024-07-01,maps_to,,ncrb_BNS.html,,
sup-000143-354C-77,ipc-1860-s354C,bns-2023-s77,ipc-1860,bns-2023,2024-07-01,maps_to,,ncrb_BNS.html,,
sup-000144-354D-78,ipc-1860-s354D,bns-2023-s78,ipc-1860,bns-2023,2024-07-01,maps_to,,ncrb_BNS.html,,
sup-000145-509-79,ipc-1860-s509,bns-2023-s79,ipc-1860,bns-2023,2024-07-01,maps_to,,ncrb_BNS.html,,
sup-000146-304B-80,ipc-1860-s304B,bns-2023-s80,ipc-1860,bns-2023,2024-07-01,maps_to,,ncrb_BNS.html,,
sup-000147-493-81,ipc-1860-s493,bns-2023-s81,ipc-1860,bns-2023,2024-07-01,maps_to,,ncrb_BNS.html,,
sup-000148-494-82,ipc-1860-s494,bns-2023-s82,ipc-1860,bns-2023,2024-07-01,maps_to,,ncrb_BNS.html,,
sup-000149-495-82,ipc-1860-s495,bns-2023-s82,ipc-1860,bns-2023,2024-07-01,maps_to,,ncrb_BNS.html,,
sup-000150-496-83,ipc-1860-s496,bns-2023-s83,ipc-1860,bns-2023,2024-07-01,maps_to,,ncrb_BNS.html,,
sup-000151-497,ipc-1860-s497,,ipc-1860,,2024-07-01,repealed_no_successor,repealed 2024-07-01; no corresponding provision,ncrb_BNS.html,,
sup-000152-498-84,ipc-1860-s498,bns-2023-s84,ipc-1860,bns-2023,2024-07-01,maps_to,,ncrb_BNS.html,,
sup-000153-498A-85,ipc-1860-s498A,bns-2023-s85,ipc-1860,bns-2023,2024-07-01,maps_to,,ncrb_BNS.html,,
sup-000154-498A-86,ipc-1860-s498A,bns-2023-s86,ipc-1860,bns-2023,2024-07-01,maps_to,,ncrb_BNS.html,,
sup-000155-366-87,ipc-1860-s366,bns-2023-s87,ipc-1860,bns-2023,2024-07-01,maps_to,,ncrb_BNS.html,,
sup-000156-312-88,ipc-1860-s312,bns-2023-s88,ipc-1860,bns-2023,2024-07-01,maps_to,,ncrb_BNS.html,,
sup-000157-313-89,ipc-1860-s313,bns-2023-s89,ipc-1860,bns-2023,2024-07-01,maps_to,,ncrb_BNS.html,,
sup-000158-314-90,ipc-1860-s314,bns-2023-s90,ipc-1860,bns-2023,2024-07-01,maps_to,,ncrb_BNS.html,,
sup-000159-315-91,ipc-1860-s315,bns-2023-s91,ipc-1860,bns-2023,2024-07-01,maps_to,,ncrb_BNS.html,,
sup-000160-316-92,ipc-1860-s316,bns-2023-s92,ipc-1860,bns-2023,2024-07-01,maps_to,,ncrb_BNS.html,,
sup-000161-317-93,ipc-1860-s317,bns-2023-s93,ipc-1860,bns-2023,2024-07-01,maps_to,,ncrb_BNS.html,,
sup-000162-318-94,ipc-1860-s318,bns-2023-s94,ipc-1860,bns-2023,2024-07-01,maps_to,,ncrb_BNS.html,,
sup-000164-366A-96,ipc-1860-s366A,bns-2023-s96,ipc-1860,bns-2023,2024-07-01,maps_to,,ncrb_BNS.html,,
sup-000165-369-97,ipc-1860-s369,bns-2023-s97,ipc-1860,bns-2023,2024-07-01,maps_to,,ncrb_BNS.html,,
sup-000166-372-98,ipc-1860-s372,bns-2023-s98,ipc-1860,bns-2023,2024-07-01,maps_to,,ncrb_BNS.html,,
sup-000167-373-99,ipc-1860-s373,bns-2023-s99,ipc-1860,bns-2023,2024-07-01,maps_to,,ncrb_BNS.html,,
sup-000168-299-100,ipc-1860-s299,bns-2023-s100,ipc-1860,bns-2023,2024-07-01,maps_to,,ncrb_BNS.html,,
sup-000169-300-101,ipc-1860-s300,bns-2023-s101,ipc-1860,bns-2023,2024-07-01,maps_to,,ncrb_BNS.html,,
sup-000170-301-102,ipc-1860-s301,bns-2023-s102,ipc-1860,bns-2023,2024-07-01,maps_to,,ncrb_BNS.html,,
sup-000171-302-103,ipc-1860-s302,bns-2023-s103,ipc-1860,bns-2023,2024-07-01,maps_to,,ncrb_BNS.html,,
sup-000172-303-104,ipc-1860-s303,bns-2023-s104,ipc-1860,bns-2023,2024-07-01,maps_to,,ncrb_BNS.html,,
sup-000173-304-105,ipc-1860-s304,bns-2023-s105,ipc-1860,bns-2023,2024-07-01,maps_to,,ncrb_BNS.html,,
sup-000174-304A-106,ipc-1860-s304A,bns-2023-s106,ipc-1860,bns-2023,2024-07-01,maps_to,,ncrb_BNS.html,,
sup-000176-305-107,ipc-1860-s305,bns-2023-s107,ipc-1860,bns-2023,2024-07-01,maps_to,,ncrb_BNS.html,,
sup-000177-306-108,ipc-1860-s306,bns-2023-s108,ipc-1860,bns-2023,2024-07-01,maps_to,,ncrb_BNS.html,,
sup-000178-307-109,ipc-1860-s307,bns-2023-s109,ipc-1860,bns-2023,2024-07-01,maps_to,,ncrb_BNS.html,,
sup-000179-308-110,ipc-1860-s308,bns-2023-s110,ipc-1860,bns-2023,2024-07-01,maps_to,,ncrb_BNS.html,,
sup-000183-319-114,ipc-1860-s319,bns-2023-s114,ipc-1860,bns-2023,2024-07-01,maps_to,,ncrb_BNS.html,,
sup-000184-321-115,ipc-1860-s321,bns-2023-s115,ipc-1860,bns-2023,2024-07-01,maps_to,,ncrb_BNS.html,,
sup-000185-323-115,ipc-1860-s323,bns-2023-s115,ipc-1860,bns-2023,2024-07-01,maps_to,,ncrb_BNS.html,,
sup-000186-320-116,ipc-1860-s320,bns-2023-s116,ipc-1860,bns-2023,2024-07-01,maps_to,,ncrb_BNS.html,,
sup-000187-322-117,ipc-1860-s322,bns-2023-s117,ipc-1860,bns-2023,2024-07-01,maps_to,,ncrb_BNS.html,,
sup-000188-325-117,ipc-1860-s325,bns-2023-s117,ipc-1860,bns-2023,2024-07-01,maps_to,,ncrb_BNS.html,,
sup-000189-324-118,ipc-1860-s324,bns-2023-s118,ipc-1860,bns-2023,2024-07-01,maps_to,,ncrb_BNS.html,,
sup-000190-326-118,ipc-1860-s326,bns-2023-s118,ipc-1860,bns-2023,2024-07-01,maps_to,,ncrb_BNS.html,,
sup-000191-327-119,ipc-1860-s327,bns-2023-s119,ipc-1860,bns-2023,2024-07-01,maps_to,,ncrb_BNS.html,,
sup-000192-329-119,ipc-1860-s329,bns-2023-s119,ipc-1860,bns-2023,2024-07-01,maps_to,,ncrb_BNS.html,,
sup-000193-330-120,ipc-1860-s330,bns-2023-s120,ipc-1860,bns-2023,2024-07-01,maps_to,,ncrb_BNS.html,,
sup-000194-331-120,ipc-1860-s331,bns-2023-s120,ipc-1860,bns-2023,2024-07-01,maps_to,,ncrb_BNS.html,,
sup-000195-332-121,ipc-1860-s332,bns-2023-s121,ipc-1860,bns-2023,2024-07-01,maps_to,,ncrb_BNS.html,,
sup-000196-333-121,ipc-1860-s333,bns-2023-s121,ipc-1860,bns-2023,2024-07-01,maps_to,,ncrb_BNS.html,,
sup-000197-334-122,ipc-1860-s334,bns-2023-s122,ipc-1860,bns-2023,2024-07-01,maps_to,,ncrb_BNS.html,,
sup-000198-335-122,ipc-1860-s335,bns-2023-s122,ipc-1860,bns-2023,2024-07-01,maps_to,,ncrb_BNS.html,,
sup-000199-328-123,ipc-1860-s328,bns-2023-s123,ipc-1860,bns-2023,2024-07-01,maps_to,,ncrb_BNS.html,,
sup-000200-326A-124,ipc-1860-s326A,bns-2023-s124,ipc-1860,bns-2023,2024-07-01,maps_to,,ncrb_BNS.html,,
sup-000201-326B-124,ipc-1860-s326B,bns-2023-s124,ipc-1860,bns-2023,2024-07-01,maps_to,,ncrb_BNS.html,,
sup-000202-336-125,ipc-1860-s336,bns-2023-s125,ipc-1860,bns-2023,2024-07-01,maps_to,,ncrb_BNS.html,,
sup-000203-339-126,ipc-1860-s339,bns-2023-s126,ipc-1860,bns-2023,2024-07-01,maps_to,,ncrb_BNS.html,,
sup-000204-341-126,ipc-1860-s341,bns-2023-s126,ipc-1860,bns-2023,2024-07-01,maps_to,,ncrb_BNS.html,,
sup-000205-340-127,ipc-1860-s340,bns-2023-s127,ipc-1860,bns-2023,2024-07-01,maps_to,,ncrb_BNS.html,,
sup-000206-342-127,ipc-1860-s342,bns-2023-s127,ipc-1860,bns-2023,2024-07-01,maps_to,,ncrb_BNS.html,,
sup-000207-343-127,ipc-1860-s343,bns-2023-s127,ipc-1860,bns-2023,2024-07-01,maps_to,,ncrb_BNS.html,,
sup-000208-344-127,ipc-1860-s344,bns-2023-s127,ipc-1860,bns-2023,2024-07-01,maps_to,,ncrb_BNS.html,,
sup-000209-345-127,ipc-1860-s345,bns-2023-s127,ipc-1860,bns-2023,2024-07-01,maps_to,,ncrb_BNS.html,,
sup-000210-346-127,ipc-1860-s346,bns-2023-s127,ipc-1860,bns-2023,2024-07-01,maps_to,,ncrb_BNS.html,,
sup-000211-347-127,ipc-1860-s347,bns-2023-s127,ipc-1860,bns-2023,2024-07-01,maps_to,,ncrb_BNS.html,,
sup-000212-348-127,ipc-1860-s348,bns-2023-s127,ipc-1860,bns-2023,2024-07-01,maps_to,,ncrb_BNS.html,,
sup-000213-349-128,ipc-1860-s349,bns-2023-s128,ipc-1860,bns-2023,2024-07-01,maps_to,,ncrb_BNS.html,,
sup-000214-350-129,ipc-1860-s350,bns-2023-s129,ipc-1860,bns-2023,2024-07-01,maps_to,,ncrb_BNS.html,,
sup-000215-351-130,ipc-1860-s351,bns-2023-s130,ipc-1860,bns-2023,2024-07-01,maps_to,,ncrb_BNS.html,,
sup-000216-352-131,ipc-1860-s352,bns-2023-s131,ipc-1860,bns-2023,2024-07-01,maps_to,,ncrb_BNS.html,,
sup-000217-353-132,ipc-1860-s353,bns-2023-s132,ipc-1860,bns-2023,2024-07-01,maps_to,,ncrb_BNS.html,,
sup-000218-355-133,ipc-1860-s355,bns-2023-s133,ipc-1860,bns-2023,2024-07-01,maps_to,,ncrb_BNS.html,,
sup-000219-356-134,ipc-1860-s356,bns-2023-s134,ipc-1860,bns-2023,2024-07-01,maps_to,,ncrb_BNS.html,,
sup-000220-357-135,ipc-1860-s357,bns-2023-s135,ipc-1860,bns-2023,2024-07-01,maps_to,,ncrb_BNS.html,,
sup-000221-358-136,ipc-1860-s358,bns-2023-s136,ipc-1860,bns-2023,2024-07-01,maps_to,,ncrb_BNS.html,,
sup-000222-359-137,ipc-1860-s359,bns-2023-s137,ipc-1860,bns-2023,2024-07-01,maps_to,,ncrb_BNS.html,,
sup-000223-360-137,ipc-1860-s360,bns-2023-s137,ipc-1860,bns-2023,2024-07-01,maps_to,,ncrb_BNS.html,,
sup-000224-361-137,ipc-1860-s361,bns-2023-s137,ipc-1860,bns-2023,2024-07-01,maps_to,,ncrb_BNS.html,,
sup-000225-363-137,ipc-1860-s363,bns-2023-s137,ipc-1860,bns-2023,2024-07-01,maps_to,,ncrb_BNS.html,,
sup-000226-362-138,ipc-1860-s362,bns-2023-s138,ipc-1860,bns-2023,2024-07-01,maps_to,,ncrb_BNS.html,,
sup-000227-363A-139,ipc-1860-s363A,bns-2023-s139,ipc-1860,bns-2023,2024-07-01,maps_to,,ncrb_BNS.html,,
sup-000228-364-140,ipc-1860-s364,bns-2023-s140,ipc-1860,bns-2023,2024-07-01,maps_to,,ncrb_BNS.html,,
sup-000229-364A-140,ipc-1860-s364A,bns-2023-s140,ipc-1860,bns-2023,2024-07-01,maps_to,,ncrb_BNS.html,,
sup-000230-365-140,ipc-1860-s365,bns-2023-s140,ipc-1860,bns-2023,2024-07-01,maps_to,,ncrb_BNS.html,,
sup-000231-367-140,ipc-1860-s367,bns-2023-s140,ipc-1860,bns-2023,2024-07-01,maps_to,,ncrb_BNS.html,,
sup-000232-366B-141,ipc-1860-s366B,bns-2023-s141,ipc-1860,bns-2023,2024-07-01,maps_to,,ncrb_BNS.html,,
sup-000233-368-142,ipc-1860-s368,bns-2023-s142,ipc-1860,bns-2023,2024-07-01,maps_to,,ncrb_BNS.html,,
sup-000234-370-143,ipc-1860-s370,bns-2023-s143,ipc-1860,bns-2023,2024-07-01,maps_to,,ncrb_BNS.html,,
sup-000235-370A-144,ipc-1860-s370A,bns-2023-s144,ipc-1860,bns-2023,2024-07-01,maps_to,,ncrb_BNS.html,,
sup-000236-371-145,ipc-1860-s371,bns-2023-s145,ipc-1860,bns-2023,2024-07-01,maps_to,,ncrb_BNS.html,,
sup-000237-374-146,ipc-1860-s374,bns-2023-s146,ipc-1860,bns-2023,2024-07-01,maps_to,,ncrb_BNS.html,,
sup-000238-121-147,ipc-1860-s121,bns-2023-s147,ipc-1860,bns-2023,2024-07-01,maps_to,,ncrb_BNS.html,,
sup-000239-121A-148,ipc-1860-s121A,bns-2023-s148,ipc-1860,bns-2023,2024-07-01,maps_to,,ncrb_BNS.html,,
sup-000240-122-149,ipc-1860-s122,bns-2023-s149,ipc-1860,bns-2023,2024-07-01,maps_to,,ncrb_BNS.html,,
sup-000241-123-150,ipc-1860-s123,bns-2023-s150,ipc-1860,bns-2023,2024-07-01,maps_to,,ncrb_BNS.html,,
sup-000242-124-151,ipc-1860-s124,bns-2023-s151,ipc-1860,bns-2023,2024-07-01,maps_to,,ncrb_BNS.html,,
sup-000243-124A,ipc-1860-s124A,,ipc-1860,,2024-07-01,repealed_no_successor,repealed 2024-07-01; no corresponding provision,ncrb_BNS.html,,
sup-000245-125-153,ipc-1860-s125,bns-2023-s153,ipc-1860,bns-2023,2024-07-01,maps_to,,ncrb_BNS.html,,
sup-000246-126-154,ipc-1860-s126,bns-2023-s154,ipc-1860,bns-2023,2024-07-01,maps_to,,ncrb_BNS.html,,
sup-000247-127-155,ipc-1860-s127,bns-2023-s155,ipc-1860,bns-2023,2024-07-01,maps_to,,ncrb_BNS.html,,
sup-000247-127-154,ipc-1860-s127,bns-2023-s154,ipc-1860,bns-2023,2024-07-01,maps_to,,ncrb_BNS.html,,
sup-000247-126-155,ipc-1860-s126,bns-2023-s155,ipc-1860,bns-2023,2024-07-01,maps_to,,ncrb_BNS.html,,
sup-000248-128-156,ipc-1860-s128,bns-2023-s156,ipc-1860,bns-2023,2024-07-01,maps_to,,ncrb_BNS.html,,
sup-000249-129-157,ipc-1860-s129,bns-2023-s157,ipc-1860,bns-2023,2024-07-01,maps_to,,ncrb_BNS.html,,
sup-000250-130-158,ipc-1860-s130,bns-2023-s158,ipc-1860,bns-2023,2024-07-01,maps_to,,ncrb_BNS.html,,
sup-000251-131-159,ipc-1860-s131,bns-2023-s159,ipc-1860,bns-2023,2024-07-01,maps_to,,ncrb_BNS.html,,
sup-000252-132-160,ipc-1860-s132,bns-2023-s160,ipc-1860,bns-2023,2024-07-01,maps_to,,ncrb_BNS.html,,
sup-000253-133-161,ipc-1860-s133,bns-2023-s161,ipc-1860,bns-2023,2024-07-01,maps_to,,ncrb_BNS.html,,
sup-000254-134-162,ipc-1860-s134,bns-2023-s162,ipc-1860,bns-2023,2024-07-01,maps_to,,ncrb_BNS.html,,
sup-000255-135-163,ipc-1860-s135,bns-2023-s163,ipc-1860,bns-2023,2024-07-01,maps_to,,ncrb_BNS.html,,
sup-000256-136-164,ipc-1860-s136,bns-2023-s164,ipc-1860,bns-2023,2024-07-01,maps_to,,ncrb_BNS.html,,
sup-000257-137-165,ipc-1860-s137,bns-2023-s165,ipc-1860,bns-2023,2024-07-01,maps_to,,ncrb_BNS.html,,
sup-000258-138-166,ipc-1860-s138,bns-2023-s166,ipc-1860,bns-2023,2024-07-01,maps_to,,ncrb_BNS.html,,
sup-000259-139-167,ipc-1860-s139,bns-2023-s167,ipc-1860,bns-2023,2024-07-01,maps_to,,ncrb_BNS.html,,
sup-000260-140-168,ipc-1860-s140,bns-2023-s168,ipc-1860,bns-2023,2024-07-01,maps_to,,ncrb_BNS.html,,
sup-000261-171A-169,ipc-1860-s171A,bns-2023-s169,ipc-1860,bns-2023,2024-07-01,maps_to,,ncrb_BNS.html,,
sup-000262-171B-170,ipc-1860-s171B,bns-2023-s170,ipc-1860,bns-2023,2024-07-01,maps_to,,ncrb_BNS.html,,
sup-000263-171C-171,ipc-1860-s171C,bns-2023-s171,ipc-1860,bns-2023,2024-07-01,maps_to,,ncrb_BNS.html,,
sup-000264-171D-172,ipc-1860-s171D,bns-2023-s172,ipc-1860,bns-2023,2024-07-01,maps_to,,ncrb_BNS.html,,
sup-000265-171E-173,ipc-1860-s171E,bns-2023-s173,ipc-1860,bns-2023,2024-07-01,maps_to,,ncrb_BNS.html,,
sup-000266-171F-174,ipc-1860-s171F,bns-2023-s174,ipc-1860,bns-2023,2024-07-01,maps_to,,ncrb_BNS.html,,
sup-000267-171G-175,ipc-1860-s171G,bns-2023-s175,ipc-1860,bns-2023,2024-07-01,maps_to,,ncrb_BNS.html,,
sup-000268-171H-176,ipc-1860-s171H,bns-2023-s176,ipc-1860,bns-2023,2024-07-01,maps_to,,ncrb_BNS.html,,
sup-000269-171-177,ipc-1860-s171,bns-2023-s177,ipc-1860,bns-2023,2024-07-01,maps_to,,ncrb_BNS.html,,
sup-000270-231-178,ipc-1860-s231,bns-2023-s178,ipc-1860,bns-2023,2024-07-01,maps_to,,ncrb_BNS.html,,
sup-000270-255-178,ipc-1860-s255,bns-2023-s178,ipc-1860,bns-2023,2024-07-01,maps_to,,ncrb_BNS.html,,
sup-000270-489A-178,ipc-1860-s489A,bns-2023-s178,ipc-1860,bns-2023,2024-07-01,maps_to,,ncrb_BNS.html,,
sup-000271-230-178,ipc-1860-s230,bns-2023-s178,ipc-1860,bns-2023,2024-07-01,maps_to,,ncrb_BNS.html,,
sup-000272-246-178,ipc-1860-s246,bns-2023-s178,ipc-1860,bns-2023,2024-07-01,maps_to,,ncrb_BNS.html,,
sup-000272-248-178,ipc-1860-s248,bns-2023-s178,ipc-1860,bns-2023,2024-07-01,maps_to,,ncrb_BNS.html,,
sup-000273-237-179,ipc-1860-s237,bns-2023-s179,ipc-1860,bns-2023,2024-07-01,maps_to,,ncrb_BNS.html,,
sup-000273-238-179,ipc-1860-s238,bns-2023-s179,ipc-1860,bns-2023,2024-07-01,maps_to,,ncrb_BNS.html,,
sup-000273-239-179,ipc-1860-s239,bns-2023-s179,ipc-1860,bns-2023,2024-07-01,maps_to,,ncrb_BNS.html,,
sup-000273-240-179,ipc-1860-s240,bns-2023-s179,ipc-1860,bns-2023,2024-07-01,maps_to,,ncrb_BNS.html,,
sup-000273-241-179,ipc-1860-s241,bns-2023-s179,ipc-1860,bns-2023,2024-07-01,maps_to,,ncrb_BNS.html,,
sup-000273-250-179,ipc-1860-s250,bns-2023-s179,ipc-1860,bns-2023,2024-07-01,maps_to,,ncrb_BNS.html,,
sup-000273-251-179,ipc-1860-s251,bns-2023-s179,ipc-1860,bns-2023,2024-07-01,maps_to,,ncrb_BNS.html,,
sup-000273-254-179,ipc-1860-s254,bns-2023-s179,ipc-1860,bns-2023,2024-07-01,maps_to,,ncrb_BNS.html,,
sup-000273-258-179,ipc-1860-s258,bns-2023-s179,ipc-1860,bns-2023,2024-07-01,maps_to,,ncrb_BNS.html,,
sup-000273-260-179,ipc-1860-s260,bns-2023-s179,ipc-1860,bns-2023,2024-07-01,maps_to,,ncrb_BNS.html,,
sup-000273-489B-179,ipc-1860-s489B,bns-2023-s179,ipc-1860,bns-2023,2024-07-01,maps_to,,ncrb_BNS.html,,
sup-000274-242-180,ipc-1860-s242,bns-2023-s180,ipc-1860,bns-2023,2024-07-01,maps_to,,ncrb_BNS.html,,
sup-000274-243-180,ipc-1860-s243,bns-2023-s180,ipc-1860,bns-2023,2024-07-01,maps_to,,ncrb_BNS.html,,
sup-000274-252-180,ipc-1860-s252,bns-2023-s180,ipc-1860,bns-2023,2024-07-01,maps_to,,ncrb_BNS.html,,
sup-000274-253-180,ipc-1860-s253,bns-2023-s180,ipc-1860,bns-2023,2024-07-01,maps_to,,ncrb_BNS.html,,
sup-000274-259-180,ipc-1860-s259,bns-2023-s180,ipc-1860,bns-2023,2024-07-01,maps_to,,ncrb_BNS.html,,
sup-000274-489C-180,ipc-1860-s489C,bns-2023-s180,ipc-1860,bns-2023,2024-07-01,maps_to,,ncrb_BNS.html,,
sup-000275-233-181,ipc-1860-s233,bns-2023-s181,ipc-1860,bns-2023,2024-07-01,maps_to,,ncrb_BNS.html,,
sup-000275-234-181,ipc-1860-s234,bns-2023-s181,ipc-1860,bns-2023,2024-07-01,maps_to,,ncrb_BNS.html,,
sup-000275-235-181,ipc-1860-s235,bns-2023-s181,ipc-1860,bns-2023,2024-07-01,maps_to,,ncrb_BNS.html,,
sup-000275-256-181,ipc-1860-s256,bns-2023-s181,ipc-1860,bns-2023,2024-07-01,maps_to,,ncrb_BNS.html,,
sup-000275-257-181,ipc-1860-s257,bns-2023-s181,ipc-1860,bns-2023,2024-07-01,maps_to,,ncrb_BNS.html,,
sup-000275-489D-181,ipc-1860-s489D,bns-2023-s181,ipc-1860,bns-2023,2024-07-01,maps_to,,ncrb_BNS.html,,
sup-000276-236,ipc-1860-s236,,ipc-1860,,2024-07-01,repealed_no_successor,repealed 2024-07-01; no corresponding provision,ncrb_BNS.html,,
sup-000277-489E-182,ipc-1860-s489E,bns-2023-s182,ipc-1860,bns-2023,2024-07-01,maps_to,,ncrb_BNS.html,,
sup-000278-261-183,ipc-1860-s261,bns-2023-s183,ipc-1860,bns-2023,2024-07-01,maps_to,,ncrb_BNS.html,,
sup-000279-262-184,ipc-1860-s262,bns-2023-s184,ipc-1860,bns-2023,2024-07-01,maps_to,,ncrb_BNS.html,,
sup-000280-263-185,ipc-1860-s263,bns-2023-s185,ipc-1860,bns-2023,2024-07-01,maps_to,,ncrb_BNS.html,,
sup-000281-263A-186,ipc-1860-s263A,bns-2023-s186,ipc-1860,bns-2023,2024-07-01,maps_to,,ncrb_BNS.html,,
sup-000282-244-187,ipc-1860-s244,bns-2023-s187,ipc-1860,bns-2023,2024-07-01,maps_to,,ncrb_BNS.html,,
sup-000283-245-188,ipc-1860-s245,bns-2023-s188,ipc-1860,bns-2023,2024-07-01,maps_to,,ncrb_BNS.html,,
sup-000284-141-189,ipc-1860-s141,bns-2023-s189,ipc-1860,bns-2023,2024-07-01,maps_to,,ncrb_BNS.html,,
sup-000285-143-189,ipc-1860-s143,bns-2023-s189,ipc-1860,bns-2023,2024-07-01,maps_to,,ncrb_BNS.html,,
sup-000286-145-189,ipc-1860-s145,bns-2023-s189,ipc-1860,bns-2023,2024-07-01,maps_to,,ncrb_BNS.html,,
sup-000287-144-189,ipc-1860-s144,bns-2023-s189,ipc-1860,bns-2023,2024-07-01,maps_to,,ncrb_BNS.html,,
sup-000288-151-189,ipc-1860-s151,bns-2023-s189,ipc-1860,bns-2023,2024-07-01,maps_to,,ncrb_BNS.html,,
sup-000289-150-189,ipc-1860-s150,bns-2023-s189,ipc-1860,bns-2023,2024-07-01,maps_to,,ncrb_BNS.html,,
sup-000290-157-189,ipc-1860-s157,bns-2023-s189,ipc-1860,bns-2023,2024-07-01,maps_to,,ncrb_BNS.html,,
sup-000291-158-189,ipc-1860-s158,bns-2023-s189,ipc-1860,bns-2023,2024-07-01,maps_to,,ncrb_BNS.html,,
sup-000293-149-190,ipc-1860-s149,bns-2023-s190,ipc-1860,bns-2023,2024-07-01,maps_to,,ncrb_BNS.html,,
sup-000294-146-191,ipc-1860-s146,bns-2023-s191,ipc-1860,bns-2023,2024-07-01,maps_to,,ncrb_BNS.html,,
sup-000295-147-191,ipc-1860-s147,bns-2023-s191,ipc-1860,bns-2023,2024-07-01,maps_to,,ncrb_BNS.html,,
sup-000296-148-191,ipc-1860-s148,bns-2023-s191,ipc-1860,bns-2023,2024-07-01,maps_to,,ncrb_BNS.html,,
sup-000297-153-192,ipc-1860-s153,bns-2023-s192,ipc-1860,bns-2023,2024-07-01,maps_to,,ncrb_BNS.html,,
sup-000298-154-193,ipc-1860-s154,bns-2023-s193,ipc-1860,bns-2023,2024-07-01,maps_to,,ncrb_BNS.html,,
sup-000299-155-193,ipc-1860-s155,bns-2023-s193,ipc-1860,bns-2023,2024-07-01,maps_to,,ncrb_BNS.html,,
sup-000300-156-193,ipc-1860-s156,bns-2023-s193,ipc-1860,bns-2023,2024-07-01,maps_to,,ncrb_BNS.html,,
sup-000301-159-194,ipc-1860-s159,bns-2023-s194,ipc-1860,bns-2023,2024-07-01,maps_to,,ncrb_BNS.html,,
sup-000302-160-194,ipc-1860-s160,bns-2023-s194,ipc-1860,bns-2023,2024-07-01,maps_to,,ncrb_BNS.html,,
sup-000303-152-195,ipc-1860-s152,bns-2023-s195,ipc-1860,bns-2023,2024-07-01,maps_to,,ncrb_BNS.html,,
sup-000304-153A-196,ipc-1860-s153A,bns-2023-s196,ipc-1860,bns-2023,2024-07-01,maps_to,,ncrb_BNS.html,,
sup-000305-153AA,ipc-1860-s153AA,,ipc-1860,,2024-07-01,repealed_no_successor,repealed 2024-07-01; no corresponding provision,ncrb_BNS.html,,
sup-000306-153B-197,ipc-1860-s153B,bns-2023-s197,ipc-1860,bns-2023,2024-07-01,maps_to,,ncrb_BNS.html,,
sup-000307-166-198,ipc-1860-s166,bns-2023-s198,ipc-1860,bns-2023,2024-07-01,maps_to,,ncrb_BNS.html,,
sup-000308-166A-199,ipc-1860-s166A,bns-2023-s199,ipc-1860,bns-2023,2024-07-01,maps_to,,ncrb_BNS.html,,
sup-000309-166B-200,ipc-1860-s166B,bns-2023-s200,ipc-1860,bns-2023,2024-07-01,maps_to,,ncrb_BNS.html,,
sup-000310-167-201,ipc-1860-s167,bns-2023-s201,ipc-1860,bns-2023,2024-07-01,maps_to,,ncrb_BNS.html,,
sup-000311-168-202,ipc-1860-s168,bns-2023-s202,ipc-1860,bns-2023,2024-07-01,maps_to,,ncrb_BNS.html,,
sup-000312-169-203,ipc-1860-s169,bns-2023-s203,ipc-1860,bns-2023,2024-07-01,maps_to,,ncrb_BNS.html,,
sup-000313-170-204,ipc-1860-s170,bns-2023-s204,ipc-1860,bns-2023,2024-07-01,maps_to,,ncrb_BNS.html,,
sup-000314-171-205,ipc-1860-s171,bns-2023-s205,ipc-1860,bns-2023,2024-07-01,maps_to,,ncrb_BNS.html,,
sup-000315-172-206,ipc-1860-s172,bns-2023-s206,ipc-1860,bns-2023,2024-07-01,maps_to,,ncrb_BNS.html,,
sup-000316-173-207,ipc-1860-s173,bns-2023-s207,ipc-1860,bns-2023,2024-07-01,maps_to,,ncrb_BNS.html,,
sup-000317-174-208,ipc-1860-s174,bns-2023-s208,ipc-1860,bns-2023,2024-07-01,maps_to,,ncrb_BNS.html,,
sup-000318-174A-209,ipc-1860-s174A,bns-2023-s209,ipc-1860,bns-2023,2024-07-01,maps_to,,ncrb_BNS.html,,
sup-000319-175-210,ipc-1860-s175,bns-2023-s210,ipc-1860,bns-2023,2024-07-01,maps_to,,ncrb_BNS.html,,
sup-000320-176-211,ipc-1860-s176,bns-2023-s211,ipc-1860,bns-2023,2024-07-01,maps_to,,ncrb_BNS.html,,
sup-000321-177-212,ipc-1860-s177,bns-2023-s212,ipc-1860,bns-2023,2024-07-01,maps_to,,ncrb_BNS.html,,
sup-000322-178-213,ipc-1860-s178,bns-2023-s213,ipc-1860,bns-2023,2024-07-01,maps_to,,ncrb_BNS.html,,
sup-000323-179-214,ipc-1860-s179,bns-2023-s214,ipc-1860,bns-2023,2024-07-01,maps_to,,ncrb_BNS.html,,
sup-000324-180-215,ipc-1860-s180,bns-2023-s215,ipc-1860,bns-2023,2024-07-01,maps_to,,ncrb_BNS.html,,
sup-000325-181-216,ipc-1860-s181,bns-2023-s216,ipc-1860,bns-2023,2024-07-01,maps_to,,ncrb_BNS.html,,
sup-000326-182-217,ipc-1860-s182,bns-2023-s217,ipc-1860,bns-2023,2024-07-01,maps_to,,ncrb_BNS.html,,
sup-000327-183-218,ipc-1860-s183,bns-2023-s218,ipc-1860,bns-2023,2024-07-01,maps_to,,ncrb_BNS.html,,
sup-000328-184-219,ipc-1860-s184,bns-2023-s219,ipc-1860,bns-2023,2024-07-01,maps_to,,ncrb_BNS.html,,
sup-000329-185-220,ipc-1860-s185,bns-2023-s220,ipc-1860,bns-2023,2024-07-01,maps_to,,ncrb_BNS.html,,
sup-000330-186-221,ipc-1860-s186,bns-2023-s221,ipc-1860,bns-2023,2024-07-01,maps_to,,ncrb_BNS.html,,
sup-000331-187-222,ipc-1860-s187,bns-2023-s222,ipc-1860,bns-2023,2024-07-01,maps_to,,ncrb_BNS.html,,
sup-000332-188-223,ipc-1860-s188,bns-2023-s223,ipc-1860,bns-2023,2024-07-01,maps_to,,ncrb_BNS.html,,
sup-000333-189-224,ipc-1860-s189,bns-2023-s224,ipc-1860,bns-2023,2024-07-01,maps_to,,ncrb_BNS.html,,
sup-000334-190-225,ipc-1860-s190,bns-2023-s225,ipc-1860,bns-2023,2024-07-01,maps_to,,ncrb_BNS.html,,
sup-000336-191-227,ipc-1860-s191,bns-2023-s227,ipc-1860,bns-2023,2024-07-01,maps_to,,ncrb_BNS.html,,
sup-000337-192-228,ipc-1860-s192,bns-2023-s228,ipc-1860,bns-2023,2024-07-01,maps_to,,ncrb_BNS.html,,
sup-000338-193-229,ipc-1860-s193,bns-2023-s229,ipc-1860,bns-2023,2024-07-01,maps_to,,ncrb_BNS.html,,
sup-000339-194-230,ipc-1860-s194,bns-2023-s230,ipc-1860,bns-2023,2024-07-01,maps_to,,ncrb_BNS.html,,
sup-000340-195-231,ipc-1860-s195,bns-2023-s231,ipc-1860,bns-2023,2024-07-01,maps_to,,ncrb_BNS.html,,
sup-000341-195A-232,ipc-1860-s195A,bns-2023-s232,ipc-1860,bns-2023,2024-07-01,maps_to,,ncrb_BNS.html,,
sup-000342-196-233,ipc-1860-s196,bns-2023-s233,ipc-1860,bns-2023,2024-07-01,maps_to,,ncrb_BNS.html,,
sup-000343-197-234,ipc-1860-s197,bns-2023-s234,ipc-1860,bns-2023,2024-07-01,maps_to,,ncrb_BNS.html,,
sup-000344-198-235,ipc-1860-s198,bns-2023-s235,ipc-1860,bns-2023,2024-07-01,maps_to,,ncrb_BNS.html,,
sup-000345-199-236,ipc-1860-s199,bns-2023-s236,ipc-1860,bns-2023,2024-07-01,maps_to,,ncrb_BNS.html,,
sup-000346-200-237,ipc-1860-s200,bns-2023-s237,ipc-1860,bns-2023,2024-07-01,maps_to,,ncrb_BNS.html,,
sup-000347-201-238,ipc-1860-s201,bns-2023-s238,ipc-1860,bns-2023,2024-07-01,maps_to,,ncrb_BNS.html,,
sup-000348-202-239,ipc-1860-s202,bns-2023-s239,ipc-1860,bns-2023,2024-07-01,maps_to,,ncrb_BNS.html,,
sup-000349-203-240,ipc-1860-s203,bns-2023-s240,ipc-1860,bns-2023,2024-07-01,maps_to,,ncrb_BNS.html,,
sup-000350-204-241,ipc-1860-s204,bns-2023-s241,ipc-1860,bns-2023,2024-07-01,maps_to,,ncrb_BNS.html,,
sup-000351-205-242,ipc-1860-s205,bns-2023-s242,ipc-1860,bns-2023,2024-07-01,maps_to,,ncrb_BNS.html,,
sup-000352-206-243,ipc-1860-s206,bns-2023-s243,ipc-1860,bns-2023,2024-07-01,maps_to,,ncrb_BNS.html,,
sup-000353-207-244,ipc-1860-s207,bns-2023-s244,ipc-1860,bns-2023,2024-07-01,maps_to,,ncrb_BNS.html,,
sup-000354-208-245,ipc-1860-s208,bns-2023-s245,ipc-1860,bns-2023,2024-07-01,maps_to,,ncrb_BNS.html,,
sup-000355-209-246,ipc-1860-s209,bns-2023-s246,ipc-1860,bns-2023,2024-07-01,maps_to,,ncrb_BNS.html,,
sup-000356-210-247,ipc-1860-s210,bns-2023-s247,ipc-1860,bns-2023,2024-07-01,maps_to,,ncrb_BNS.html,,
sup-000357-211-248,ipc-1860-s211,bns-2023-s248,ipc-1860,bns-2023,2024-07-01,maps_to,,ncrb_BNS.html,,
sup-000358-212-249,ipc-1860-s212,bns-2023-s249,ipc-1860,bns-2023,2024-07-01,maps_to,,ncrb_BNS.html,,
sup-000359-213-250,ipc-1860-s213,bns-2023-s250,ipc-1860,bns-2023,2024-07-01,maps_to,,ncrb_BNS.html,,
sup-000360-214-251,ipc-1860-s214,bns-2023-s251,ipc-1860,bns-2023,2024-07-01,maps_to,,ncrb_BNS.html,,
sup-000361-215-252,ipc-1860-s215,bns-2023-s252,ipc-1860,bns-2023,2024-07-01,maps_to,,ncrb_BNS.html,,
sup-000362-216-253,ipc-1860-s216,bns-2023-s253,ipc-1860,bns-2023,2024-07-01,maps_to,,ncrb_BNS.html,,
sup-000363-216A-254,ipc-1860-s216A,bns-2023-s254,ipc-1860,bns-2023,2024-07-01,maps_to,,ncrb_BNS.html,,
sup-000364-217-255,ipc-1860-s217,bns-2023-s255,ipc-1860,bns-2023,2024-07-01,maps_to,,ncrb_BNS.html,,
sup-000365-218-256,ipc-1860-s218,bns-2023-s256,ipc-1860,bns-2023,2024-07-01,maps_to,,ncrb_BNS.html,,
sup-000366-219-257,ipc-1860-s219,bns-2023-s257,ipc-1860,bns-2023,2024-07-01,maps_to,,ncrb_BNS.html,,
sup-000367-220-258,ipc-1860-s220,bns-2023-s258,ipc-1860,bns-2023,2024-07-01,maps_to,,ncrb_BNS.html,,
sup-000368-221-259,ipc-1860-s221,bns-2023-s259,ipc-1860,bns-2023,2024-07-01,maps_to,,ncrb_BNS.html,,
sup-000369-222-260,ipc-1860-s222,bns-2023-s260,ipc-1860,bns-2023,2024-07-01,maps_to,,ncrb_BNS.html,,
sup-000370-223-261,ipc-1860-s223,bns-2023-s261,ipc-1860,bns-2023,2024-07-01,maps_to,,ncrb_BNS.html,,
sup-000371-224-262,ipc-1860-s224,bns-2023-s262,ipc-1860,bns-2023,2024-07-01,maps_to,,ncrb_BNS.html,,
sup-000372-225-263,ipc-1860-s225,bns-2023-s263,ipc-1860,bns-2023,2024-07-01,maps_to,,ncrb_BNS.html,,
sup-000373-225A-264,ipc-1860-s225A,bns-2023-s264,ipc-1860,bns-2023,2024-07-01,maps_to,,ncrb_BNS.html,,
sup-000374-225B-265,ipc-1860-s225B,bns-2023-s265,ipc-1860,bns-2023,2024-07-01,maps_to,,ncrb_BNS.html,,
sup-000375-227-266,ipc-1860-s227,bns-2023-s266,ipc-1860,bns-2023,2024-07-01,maps_to,,ncrb_BNS.html,,
sup-000376-228-267,ipc-1860-s228,bns-2023-s267,ipc-1860,bns-2023,2024-07-01,maps_to,,ncrb_BNS.html,,
sup-000377-229-268,ipc-1860-s229,bns-2023-s268,ipc-1860,bns-2023,2024-07-01,maps_to,,ncrb_BNS.html,,
sup-000378-229A-269,ipc-1860-s229A,bns-2023-s269,ipc-1860,bns-2023,2024-07-01,maps_to,,ncrb_BNS.html,,
sup-000379-264,ipc-1860-s264,,ipc-1860,,2024-07-01,repealed_no_successor,repealed 2024-07-01; no corresponding provision,ncrb_BNS.html,,
sup-000380-265,ipc-1860-s265,,ipc-1860,,2024-07-01,repealed_no_successor,repealed 2024-07-01; no corresponding provision,ncrb_BNS.html,,
sup-000381-266,ipc-1860-s266,,ipc-1860,,2024-07-01,repealed_no_successor,repealed 2024-07-01; no corresponding provision,ncrb_BNS.html,,
sup-000382-267,ipc-1860-s267,,ipc-1860,,2024-07-01,repealed_no_successor,repealed 2024-07-01; no corresponding provision,ncrb_BNS.html,,
sup-000383-268-270,ipc-1860-s268,bns-2023-s270,ipc-1860,bns-2023,2024-07-01,maps_to,,ncrb_BNS.html,,
sup-000384-269-271,ipc-1860-s269,bns-2023-s271,ipc-1860,bns-2023,2024-07-01,maps_to,,ncrb_BNS.html,,
sup-000385-270-272,ipc-1860-s270,bns-2023-s272,ipc-1860,bns-2023,2024-07-01,maps_to,,ncrb_BNS.html,,
sup-000386-271-273,ipc-1860-s271,bns-2023-s273,ipc-1860,bns-2023,2024-07-01,maps_to,,ncrb_BNS.html,,
sup-000387-272-274,ipc-1860-s272,bns-2023-s274,ipc-1860,bns-2023,2024-07-01,maps_to,,ncrb_BNS.html,,
sup-000388-273-275,ipc-1860-s273,bns-2023-s275,ipc-1860,bns-2023,2024-07-01,maps_to,,ncrb_BNS.html,,
sup-000389-274-276,ipc-1860-s274,bns-2023-s276,ipc-1860,bns-2023,2024-07-01,maps_to,,ncrb_BNS.html,,
sup-000390-275-277,ipc-1860-s275,bns-2023-s277,ipc-1860,bns-2023,2024-07-01,maps_to,,ncrb_BNS.html,,
sup-000391-276-278,ipc-1860-s276,bns-2023-s278,ipc-1860,bns-2023,2024-07-01,maps_to,,ncrb_BNS.html,,
sup-000392-277-279,ipc-1860-s277,bns-2023-s279,ipc-1860,bns-2023,2024-07-01,maps_to,,ncrb_BNS.html,,
sup-000393-278-280,ipc-1860-s278,bns-2023-s280,ipc-1860,bns-2023,2024-07-01,maps_to,,ncrb_BNS.html,,
sup-000394-279-281,ipc-1860-s279,bns-2023-s281,ipc-1860,bns-2023,2024-07-01,maps_to,,ncrb_BNS.html,,
sup-000395-280-282,ipc-1860-s280,bns-2023-s282,ipc-1860,bns-2023,2024-07-01,maps_to,,ncrb_BNS.html,,
sup-000396-281-283,ipc-1860-s281,bns-2023-s283,ipc-1860,bns-2023,2024-07-01,maps_to,,ncrb_BNS.html,,
sup-000397-282-284,ipc-1860-s282,bns-2023-s284,ipc-1860,bns-2023,2024-07-01,maps_to,,ncrb_BNS.html,,
sup-000398-283-285,ipc-1860-s283,bns-2023-s285,ipc-1860,bns-2023,2024-07-01,maps_to,,ncrb_BNS.html,,
sup-000399-284-286,ipc-1860-s284,bns-2023-s286,ipc-1860,bns-2023,2024-07-01,maps_to,,ncrb_BNS.html,,
sup-000400-285-287,ipc-1860-s285,bns-2023-s287,ipc-1860,bns-2023,2024-07-01,maps_to,,ncrb_BNS.html,,
sup-000401-286-288,ipc-1860-s286,bns-2023-s288,ipc-1860,bns-2023,2024-07-01,maps_to,,ncrb_BNS.html,,
sup-000402-287-289,ipc-1860-s287,bns-2023-s289,ipc-1860,bns-2023,2024-07-01,maps_to,,ncrb_BNS.html,,
sup-000403-288-290,ipc-1860-s288,bns-2023-s290,ipc-1860,bns-2023,2024-07-01,maps_to,,ncrb_BNS.html,,
sup-000404-289-291,ipc-1860-s289,bns-2023-s291,ipc-1860,bns-2023,2024-07-01,maps_to,,ncrb_BNS.html,,
sup-000405-290-292,ipc-1860-s290,bns-2023-s292,ipc-1860,bns-2023,2024-07-01,maps_to,,ncrb_BNS.html,,
sup-000406-291-293,ipc-1860-s291,bns-2023-s293,ipc-1860,bns-2023,2024-07-01,maps_to,,ncrb_BNS.html,,
sup-000407-292-294,ipc-1860-s292,bns-2023-s294,ipc-1860,bns-2023,2024-07-01,maps_to,,ncrb_BNS.html,,
sup-000408-293-295,ipc-1860-s293,bns-2023-s295,ipc-1860,bns-2023,2024-07-01,maps_to,,ncrb_BNS.html,,
sup-000409-294-296,ipc-1860-s294,bns-2023-s296,ipc-1860,bns-2023,2024-07-01,maps_to,,ncrb_BNS.html,,
sup-000410-294A-297,ipc-1860-s294A,bns-2023-s297,ipc-1860,bns-2023,2024-07-01,maps_to,,ncrb_BNS.html,,
sup-000411-295-298,ipc-1860-s295,bns-2023-s298,ipc-1860,bns-2023,2024-07-01,maps_to,,ncrb_BNS.html,,
sup-000412-295A-299,ipc-1860-s295A,bns-2023-s299,ipc-1860,bns-2023,2024-07-01,maps_to,,ncrb_BNS.html,,
sup-000413-296-300,ipc-1860-s296,bns-2023-s300,ipc-1860,bns-2023,2024-07-01,maps_to,,ncrb_BNS.html,,
sup-000414-297-301,ipc-1860-s297,bns-2023-s301,ipc-1860,bns-2023,2024-07-01,maps_to,,ncrb_BNS.html,,
sup-000415-298-302,ipc-1860-s298,bns-2023-s302,ipc-1860,bns-2023,2024-07-01,maps_to,,ncrb_BNS.html,,
sup-000416-378-303,ipc-1860-s378,bns-2023-s303,ipc-1860,bns-2023,2024-07-01,maps_to,,ncrb_BNS.html,,
sup-000417-379-303,ipc-1860-s379,bns-2023-s303,ipc-1860,bns-2023,2024-07-01,maps_to,,ncrb_BNS.html,,
sup-000419-380-305,ipc-1860-s380,bns-2023-s305,ipc-1860,bns-2023,2024-07-01,maps_to,,ncrb_BNS.html,,
sup-000420-381-306,ipc-1860-s381,bns-2023-s306,ipc-1860,bns-2023,2024-07-01,maps_to,,ncrb_BNS.html,,
sup-000421-382-307,ipc-1860-s382,bns-2023-s307,ipc-1860,bns-2023,2024-07-01,maps_to,,ncrb_BNS.html,,
sup-000422-383-308,ipc-1860-s383,bns-2023-s308,ipc-1860,bns-2023,2024-07-01,maps_to,,ncrb_BNS.html,,
sup-000423-384-308,ipc-1860-s384,bns-2023-s308,ipc-1860,bns-2023,2024-07-01,maps_to,,ncrb_BNS.html,,
sup-000424-385-308,ipc-1860-s385,bns-2023-s308,ipc-1860,bns-2023,2024-07-01,maps_to,,ncrb_BNS.html,,
sup-000425-387-308,ipc-1860-s387,bns-2023-s308,ipc-1860,bns-2023,2024-07-01,maps_to,,ncrb_BNS.html,,
sup-000426-386-308,ipc-1860-s386,bns-2023-s308,ipc-1860,bns-2023,2024-07-01,maps_to,,ncrb_BNS.html,,
sup-000427-389-308,ipc-1860-s389,bns-2023-s308,ipc-1860,bns-2023,2024-07-01,maps_to,,ncrb_BNS.html,,
sup-000428-388-308,ipc-1860-s388,bns-2023-s308,ipc-1860,bns-2023,2024-07-01,maps_to,,ncrb_BNS.html,,
sup-000429-390-309,ipc-1860-s390,bns-2023-s309,ipc-1860,bns-2023,2024-07-01,maps_to,,ncrb_BNS.html,,
sup-000430-392-309,ipc-1860-s392,bns-2023-s309,ipc-1860,bns-2023,2024-07-01,maps_to,,ncrb_BNS.html,,
sup-000431-393-309,ipc-1860-s393,bns-2023-s309,ipc-1860,bns-2023,2024-07-01,maps_to,,ncrb_BNS.html,,
sup-000432-394-309,ipc-1860-s394,bns-2023-s309,ipc-1860,bns-2023,2024-07-01,maps_to,,ncrb_BNS.html,,
sup-000433-391-310,ipc-1860-s391,bns-2023-s310,ipc-1860,bns-2023,2024-07-01,maps_to,,ncrb_BNS.html,,
sup-000434-395-310,ipc-1860-s395,bns-2023-s310,ipc-1860,bns-2023,2024-07-01,maps_to,,ncrb_BNS.html,,
sup-000435-396-310,ipc-1860-s396,bns-2023-s310,ipc-1860,bns-2023,2024-07-01,maps_to,,ncrb_BNS.html,,
sup-000436-399-310,ipc-1860-s399,bns-2023-s310,ipc-1860,bns-2023,2024-07-01,maps_to,,ncrb_BNS.html,,
sup-000437-402-310,ipc-1860-s402,bns-2023-s310,ipc-1860,bns-2023,2024-07-01,maps_to,,ncrb_BNS.html,,
sup-000438-400-310,ipc-1860-s400,bns-2023-s310,ipc-1860,bns-2023,2024-07-01,maps_to,,ncrb_BNS.html,,
sup-000439-397-311,ipc-1860-s397,bns-2023-s311,ipc-1860,bns-2023,2024-07-01,maps_to,,ncrb_BNS.html,,
sup-000440-398-312,ipc-1860-s398,bns-2023-s312,ipc-1860,bns-2023,2024-07-01,maps_to,,ncrb_BNS.html,,
sup-000441-401-313,ipc-1860-s401,bns-2023-s313,ipc-1860,bns-2023,2024-07-01,maps_to,,ncrb_BNS.html,,
sup-000442-403-314,ipc-1860-s403,bns-2023-s314,ipc-1860,bns-2023,2024-07-01,maps_to,,ncrb_BNS.html,,
sup-000443-404-315,ipc-1860-s404,bns-2023-s315,ipc-1860,bns-2023,2024-07-01,maps_to,,ncrb_BNS.html,,
sup-000444-405-316,ipc-1860-s405,bns-2023-s316,ipc-1860,bns-2023,2024-07-01,maps_to,,ncrb_BNS.html,,
sup-000445-406-316,ipc-1860-s406,bns-2023-s316,ipc-1860,bns-2023,2024-07-01,maps_to,,ncrb_BNS.html,,
sup-000446-407-316,ipc-1860-s407,bns-2023-s316,ipc-1860,bns-2023,2024-07-01,maps_to,,ncrb_BNS.html,,
sup-000447-408-316,ipc-1860-s408,bns-2023-s316,ipc-1860,bns-2023,2024-07-01,maps_to,,ncrb_BNS.html,,
sup-000448-409-316,ipc-1860-s409,bns-2023-s316,ipc-1860,bns-2023,2024-07-01,maps_to,,ncrb_BNS.html,,
sup-000449-410-317,ipc-1860-s410,bns-2023-s317,ipc-1860,bns-2023,2024-07-01,maps_to,,ncrb_BNS.html,,
sup-000450-411-317,ipc-1860-s411,bns-2023-s317,ipc-1860,bns-2023,2024-07-01,maps_to,,ncrb_BNS.html,,
sup-000451-412-317,ipc-1860-s412,bns-2023-s317,ipc-1860,bns-2023,2024-07-01,maps_to,,ncrb_BNS.html,,
sup-000452-413-317,ipc-1860-s413,bns-2023-s317,ipc-1860,bns-2023,2024-07-01,maps_to,,ncrb_BNS.html,,
sup-000453-414-317,ipc-1860-s414,bns-2023-s317,ipc-1860,bns-2023,2024-07-01,maps_to,,ncrb_BNS.html,,
sup-000454-415-318,ipc-1860-s415,bns-2023-s318,ipc-1860,bns-2023,2024-07-01,maps_to,,ncrb_BNS.html,,
sup-000455-417-318,ipc-1860-s417,bns-2023-s318,ipc-1860,bns-2023,2024-07-01,maps_to,,ncrb_BNS.html,,
sup-000456-418-318,ipc-1860-s418,bns-2023-s318,ipc-1860,bns-2023,2024-07-01,maps_to,,ncrb_BNS.html,,
sup-000457-420-318,ipc-1860-s420,bns-2023-s318,ipc-1860,bns-2023,2024-07-01,maps_to,,ncrb_BNS.html,,
sup-000458-419-319,ipc-1860-s419,bns-2023-s319,ipc-1860,bns-2023,2024-07-01,maps_to,,ncrb_BNS.html,,
sup-000459-421-320,ipc-1860-s421,bns-2023-s320,ipc-1860,bns-2023,2024-07-01,maps_to,,ncrb_BNS.html,,
sup-000460-422-321,ipc-1860-s422,bns-2023-s321,ipc-1860,bns-2023,2024-07-01,maps_to,,ncrb_BNS.html,,
sup-000461-423-322,ipc-1860-s423,bns-2023-s322,ipc-1860,bns-2023,2024-07-01,maps_to,,ncrb_BNS.html,,
sup-000462-424-323,ipc-1860-s424,bns-2023-s323,ipc-1860,bns-2023,2024-07-01,maps_to,,ncrb_BNS.html,,
sup-000463-425-324,ipc-1860-s425,bns-2023-s324,ipc-1860,bns-2023,2024-07-01,maps_to,,ncrb_BNS.html,,
sup-000464-426-324,ipc-1860-s426,bns-2023-s324,ipc-1860,bns-2023,2024-07-01,maps_to,,ncrb_BNS.html,,
sup-000465-427-324,ipc-1860-s427,bns-2023-s324,ipc-1860,bns-2023,2024-07-01,maps_to,,ncrb_BNS.html,,
sup-000467-440-324,ipc-1860-s440,bns-2023-s324,ipc-1860,bns-2023,2024-07-01,maps_to,,ncrb_BNS.html,,
sup-000468-428-325,ipc-1860-s428,bns-2023-s325,ipc-1860,bns-2023,2024-07-01,maps_to,,ncrb_BNS.html,,
sup-000468-429-325,ipc-1860-s429,bns-2023-s325,ipc-1860,bns-2023,2024-07-01,maps_to,,ncrb_BNS.html,,
sup-000469-430-326,ipc-1860-s430,bns-2023-s326,ipc-1860,bns-2023,2024-07-01,maps_to,,ncrb_BNS.html,,
sup-000470-437-327,ipc-1860-s437,bns-2023-s327,ipc-1860,bns-2023,2024-07-01,maps_to,,ncrb_BNS.html,,
sup-000471-438-327,ipc-1860-s438,bns-2023-s327,ipc-1860,bns-2023,2024-07-01,maps_to,,ncrb_BNS.html,,
sup-000472-439-328,ipc-1860-s439,bns-2023-s328,ipc-1860,bns-2023,2024-07-01,maps_to,,ncrb_BNS.html,,
sup-000473-441-329,ipc-1860-s441,bns-2023-s329,ipc-1860,bns-2023,2024-07-01,maps_to,,ncrb_BNS.html,,
sup-000474-442-329,ipc-1860-s442,bns-2023-s329,ipc-1860,bns-2023,2024-07-01,maps_to,,ncrb_BNS.html,,
sup-000475-447-329,ipc-1860-s447,bns-2023-s329,ipc-1860,bns-2023,2024-07-01,maps_to,,ncrb_BNS.html,,
sup-000476-448-329,ipc-1860-s448,bns-2023-s329,ipc-1860,bns-2023,2024-07-01,maps_to,,ncrb_BNS.html,,
sup-000477-443-330,ipc-1860-s443,bns-2023-s330,ipc-1860,bns-2023,2024-07-01,maps_to,,ncrb_BNS.html,,
sup-000478-444,ipc-1860-s444,,ipc-1860,,2024-07-01,repealed_no_successor,repealed 2024-07-01; no corresponding provision,ncrb_BNS.html,,
sup-000479-445-330,ipc-1860-s445,bns-2023-s330,ipc-1860,bns-2023,2024-07-01,maps_to,,ncrb_BNS.html,,
sup-000480-446,ipc-1860-s446,,ipc-1860,,2024-07-01,repealed_no_successor,repealed 2024-07-01; no corresponding provision,ncrb_BNS.html,,
sup-000481-453-331,ipc-1860-s453,bns-2023-s331,ipc-1860,bns-2023,2024-07-01,maps_to,,ncrb_BNS.html,,
sup-000482-456-331,ipc-1860-s456,bns-2023-s331,ipc-1860,bns-2023,2024-07-01,maps_to,,ncrb_BNS.html,,
sup-000483-454-331,ipc-1860-s454,bns-2023-s331,ipc-1860,bns-2023,2024-07-01,maps_to,,ncrb_BNS.html,,
sup-000484-457-331,ipc-1860-s457,bns-2023-s331,ipc-1860,bns-2023,2024-07-01,maps_to,,ncrb_BNS.html,,
sup-000485-455-331,ipc-1860-s455,bns-2023-s331,ipc-1860,bns-2023,2024-07-01,maps_to,,ncrb_BNS.html,,
sup-000486-458-331,ipc-1860-s458,bns-2023-s331,ipc-1860,bns-2023,2024-07-01,maps_to,,ncrb_BNS.html,,
sup-000487-459-331,ipc-1860-s459,bns-2023-s331,ipc-1860,bns-2023,2024-07-01,maps_to,,ncrb_BNS.html,,
sup-000488-460-331,ipc-1860-s460,bns-2023-s331,ipc-1860,bns-2023,2024-07-01,maps_to,,ncrb_BNS.html,,
sup-000489-449-332,ipc-1860-s449,bns-2023-s332,ipc-1860,bns-2023,2024-07-01,maps_to,,ncrb_BNS.html,,
sup-000490-452-333,ipc-1860-s452,bns-2023-s333,ipc-1860,bns-2023,2024-07-01,maps_to,,ncrb_BNS.html,,
sup-000491-461-334,ipc-1860-s461,bns-2023-s334,ipc-1860,bns-2023,2024-07-01,maps_to,,ncrb_BNS.html,,
sup-000492-462-334,ipc-1860-s462,bns-2023-s334,ipc-1860,bns-2023,2024-07-01,maps_to,,ncrb_BNS.html,,
sup-000493-464-335,ipc-1860-s464,bns-2023-s335,ipc-1860,bns-2023,2024-07-01,maps_to,,ncrb_BNS.html,,
sup-000494-463-336,ipc-1860-s463,bns-2023-s336,ipc-1860,bns-2023,2024-07-01,maps_to,,ncrb_BNS.html,,
sup-000495-465-336,ipc-1860-s465,bns-2023-s336,ipc-1860,bns-2023,2024-07-01,maps_to,,ncrb_BNS.html,,
sup-000496-468-336,ipc-1860-s468,bns-2023-s336,ipc-1860,bns-2023,2024-07-01,maps_to,,ncrb_BNS.html,,
sup-000497-469-336,ipc-1860-s469,bns-2023-s336,ipc-1860,bns-2023,2024-07-01,maps_to,,ncrb_BNS.html,,
sup-000498-466-337,ipc-1860-s466,bns-2023-s337,ipc-1860,bns-2023,2024-07-01,maps_to,,ncrb_BNS.html,,
sup-000499-467-338,ipc-1860-s467,bns-2023-s338,ipc-1860,bns-2023,2024-07-01,maps_to,,ncrb_BNS.html,,
sup-000500-474-339,ipc-1860-s474,bns-2023-s339,ipc-1860,bns-2023,2024-07-01,maps_to,,ncrb_BNS.html,,
sup-000501-470-340,ipc-1860-s470,bns-2023-s340,ipc-1860,bns-2023,2024-07-01,maps_to,,ncrb_BNS.html,,
sup-000502-471-340,ipc-1860-s471,bns-2023-s340,ipc-1860,bns-2023,2024-07-01,maps_to,,ncrb_BNS.html,,
sup-000503-472-341,ipc-1860-s472,bns-2023-s341,ipc-1860,bns-2023,2024-07-01,maps_to,,ncrb_BNS.html,,
sup-000504-473-341,ipc-1860-s473,bns-2023-s341,ipc-1860,bns-2023,2024-07-01,maps_to,,ncrb_BNS.html,,
sup-000507-475-342,ipc-1860-s475,bns-2023-s342,ipc-1860,bns-2023,2024-07-01,maps_to,,ncrb_BNS.html,,
sup-000508-476-342,ipc-1860-s476,bns-2023-s342,ipc-1860,bns-2023,2024-07-01,maps_to,,ncrb_BNS.html,,
sup-000509-477-343,ipc-1860-s477,bns-2023-s343,ipc-1860,bns-2023,2024-07-01,maps_to,,ncrb_BNS.html,,
sup-000510-477A-344,ipc-1860-s477A,bns-2023-s344,ipc-1860,bns-2023,2024-07-01,maps_to,,ncrb_BNS.html,,
sup-000511-479-345,ipc-1860-s479,bns-2023-s345,ipc-1860,bns-2023,2024-07-01,maps_to,,ncrb_BNS.html,,
sup-000512-481-345,ipc-1860-s481,bns-2023-s345,ipc-1860,bns-2023,2024-07-01,maps_to,,ncrb_BNS.html,,
sup-000513-482-345,ipc-1860-s482,bns-2023-s345,ipc-1860,bns-2023,2024-07-01,maps_to,,ncrb_BNS.html,,
sup-000514-489-346,ipc-1860-s489,bns-2023-s346,ipc-1860,bns-2023,2024-07-01,maps_to,,ncrb_BNS.html,,
sup-000515-483-347,ipc-1860-s483,bns-2023-s347,ipc-1860,bns-2023,2024-07-01,maps_to,,ncrb_BNS.html,,
sup-000516-484-347,ipc-1860-s484,bns-2023-s347,ipc-1860,bns-2023,2024-07-01,maps_to,,ncrb_BNS.html,,
sup-000517-485-348,ipc-1860-s485,bns-2023-s348,ipc-1860,bns-2023,2024-07-01,maps_to,,ncrb_BNS.html,,
sup-000518-486-349,ipc-1860-s486,bns-2023-s349,ipc-1860,bns-2023,2024-07-01,maps_to,,ncrb_BNS.html,,
sup-000519-487-350,ipc-1860-s487,bns-2023-s350,ipc-1860,bns-2023,2024-07-01,maps_to,,ncrb_BNS.html,,
sup-000520-488-350,ipc-1860-s488,bns-2023-s350,ipc-1860,bns-2023,2024-07-01,maps_to,,ncrb_BNS.html,,
sup-000521-503-351,ipc-1860-s503,bns-2023-s351,ipc-1860,bns-2023,2024-07-01,maps_to,,ncrb_BNS.html,,
sup-000522-506-351,ipc-1860-s506,bns-2023-s351,ipc-1860,bns-2023,2024-07-01,maps_to,,ncrb_BNS.html,,
sup-000523-507-351,ipc-1860-s507,bns-2023-s351,ipc-1860,bns-2023,2024-07-01,maps_to,,ncrb_BNS.html,,
sup-000524-504-352,ipc-1860-s504,bns-2023-s352,ipc-1860,bns-2023,2024-07-01,maps_to,,ncrb_BNS.html,,
sup-000525-505-353,ipc-1860-s505,bns-2023-s353,ipc-1860,bns-2023,2024-07-01,maps_to,,ncrb_BNS.html,,
sup-000526-508-354,ipc-1860-s508,bns-2023-s354,ipc-1860,bns-2023,2024-07-01,maps_to,,ncrb_BNS.html,,
sup-000527-510-355,ipc-1860-s510,bns-2023-s355,ipc-1860,bns-2023,2024-07-01,maps_to,,ncrb_BNS.html,,
sup-000528-499-356,ipc-1860-s499,bns-2023-s356,ipc-1860,bns-2023,2024-07-01,maps_to,,ncrb_BNS.html,,
sup-000529-500-356,ipc-1860-s500,bns-2023-s356,ipc-1860,bns-2023,2024-07-01,maps_to,,ncrb_BNS.html,,
sup-000530-501-356,ipc-1860-s501,bns-2023-s356,ipc-1860,bns-2023,2024-07-01,maps_to,,ncrb_BNS.html,,
sup-000531-502-356,ipc-1860-s502,bns-2023-s356,ipc-1860,bns-2023,2024-07-01,maps_to,,ncrb_BNS.html,,
sup-000532-491-357,ipc-1860-s491,bns-2023-s357,ipc-1860,bns-2023,2024-07-01,maps_to,,ncrb_BNS.html,,
sup-000534-1-1,crpc-1973-s1,bnss-2023-s1,crpc-1973,bnss-2023,2024-07-01,maps_to,,ncrb_BNSS.html,,
sup-000535-2-2,crpc-1973-s2,bnss-2023-s2,crpc-1973,bnss-2023,2024-07-01,maps_to,,ncrb_BNSS.html,,
sup-000536-3-3,crpc-1973-s3,bnss-2023-s3,crpc-1973,bnss-2023,2024-07-01,maps_to,,ncrb_BNSS.html,,
sup-000537-5-5,crpc-1973-s5,bnss-2023-s5,crpc-1973,bnss-2023,2024-07-01,maps_to,,ncrb_BNSS.html,,
sup-000538-6-6,crpc-1973-s6,bnss-2023-s6,crpc-1973,bnss-2023,2024-07-01,maps_to,,ncrb_BNSS.html,,
sup-000539-7-7,crpc-1973-s7,bnss-2023-s7,crpc-1973,bnss-2023,2024-07-01,maps_to,,ncrb_BNSS.html,,
sup-000540-8,crpc-1973-s8,,crpc-1973,,2024-07-01,repealed_no_successor,repealed 2024-07-01; no corresponding provision,ncrb_BNSS.html,,
sup-000541-9-8,crpc-1973-s9,bnss-2023-s8,crpc-1973,bnss-2023,2024-07-01,maps_to,,ncrb_BNSS.html,,
sup-000542-10,crpc-1973-s10,,crpc-1973,,2024-07-01,repealed_no_successor,repealed 2024-07-01; no corresponding provision,ncrb_BNSS.html,,
sup-000543-11-9,crpc-1973-s11,bnss-2023-s9,crpc-1973,bnss-2023,2024-07-01,maps_to,,ncrb_BNSS.html,,
sup-000544-12-10,crpc-1973-s12,bnss-2023-s10,crpc-1973,bnss-2023,2024-07-01,maps_to,,ncrb_BNSS.html,,
sup-000545-13-11,crpc-1973-s13,bnss-2023-s11,crpc-1973,bnss-2023,2024-07-01,maps_to,,ncrb_BNSS.html,,
sup-000546-14-12,crpc-1973-s14,bnss-2023-s12,crpc-1973,bnss-2023,2024-07-01,maps_to,,ncrb_BNSS.html,,
sup-000547-15-13,crpc-1973-s15,bnss-2023-s13,crpc-1973,bnss-2023,2024-07-01,maps_to,,ncrb_BNSS.html,,
sup-000548-16,crpc-1973-s16,,crpc-1973,,2024-07-01,repealed_no_successor,repealed 2024-07-01; no corresponding provision,ncrb_BNSS.html,,
sup-000549-17,crpc-1973-s17,,crpc-1973,,2024-07-01,repealed_no_successor,repealed 2024-07-01; no corresponding provision,ncrb_BNSS.html,,
sup-000550-18,crpc-1973-s18,,crpc-1973,,2024-07-01,repealed_no_successor,repealed 2024-07-01; no corresponding provision,ncrb_BNSS.html,,
sup-000551-19,crpc-1973-s19,,crpc-1973,,2024-07-01,repealed_no_successor,repealed 2024-07-01; no corresponding provision,ncrb_BNSS.html,,
sup-000552-20-14,crpc-1973-s20,bnss-2023-s14,crpc-1973,bnss-2023,2024-07-01,maps_to,,ncrb_BNSS.html,,
sup-000553-21-15,crpc-1973-s21,bnss-2023-s15,crpc-1973,bnss-2023,2024-07-01,maps_to,,ncrb_BNSS.html,,
sup-000554-22-16,crpc-1973-s22,bnss-2023-s16,crpc-1973,bnss-2023,2024-07-01,maps_to,,ncrb_BNSS.html,,
sup-000555-23-17,crpc-1973-s23,bnss-2023-s17,crpc-1973,bnss-2023,2024-07-01,maps_to,,ncrb_BNSS.html,,
sup-000556-24-18,crpc-1973-s24,bnss-2023-s18,crpc-1973,bnss-2023,2024-07-01,maps_to,,ncrb_BNSS.html,,
sup-000557-25-19,crpc-1973-s25,bnss-2023-s19,crpc-1973,bnss-2023,2024-07-01,maps_to,,ncrb_BNSS.html,,
sup-000558-25A-20,crpc-1973-s25A,bnss-2023-s20,crpc-1973,bnss-2023,2024-07-01,maps_to,,ncrb_BNSS.html,,
sup-000559-26-21,crpc-1973-s26,bnss-2023-s21,crpc-1973,bnss-2023,2024-07-01,maps_to,,ncrb_BNSS.html,,
sup-000560-27,crpc-1973-s27,,crpc-1973,,2024-07-01,repealed_no_successor,repealed 2024-07-01; no corresponding provision,ncrb_BNSS.html,,
sup-000561-28-22,crpc-1973-s28,bnss-2023-s22,crpc-1973,bnss-2023,2024-07-01,maps_to,,ncrb_BNSS.html,,
sup-000562-29-23,crpc-1973-s29,bnss-2023-s23,crpc-1973,bnss-2023,2024-07-01,maps_to,,ncrb_BNSS.html,,
sup-000563-30-24,crpc-1973-s30,bnss-2023-s24,crpc-1973,bnss-2023,2024-07-01,maps_to,,ncrb_BNSS.html,,
sup-000564-31-25,crpc-1973-s31,bnss-2023-s25,crpc-1973,bnss-2023,2024-07-01,maps_to,,ncrb_BNSS.html,,
sup-000565-32-26,crpc-1973-s32,bnss-2023-s26,crpc-1973,bnss-2023,2024-07-01,maps_to,,ncrb_BNSS.html,,
sup-000566-33-27,crpc-1973-s33,bnss-2023-s27,crpc-1973,bnss-2023,2024-07-01,maps_to,,ncrb_BNSS.html,,
sup-000567-34-28,crpc-1973-s34,bnss-2023-s28,crpc-1973,bnss-2023,2024-07-01,maps_to,,ncrb_BNSS.html,,
sup-000568-35-29,crpc-1973-s35,bnss-2023-s29,crpc-1973,bnss-2023,2024-07-01,maps_to,,ncrb_BNSS.html,,
sup-000569-36-30,crpc-1973-s36,bnss-2023-s30,crpc-1973,bnss-2023,2024-07-01,maps_to,,ncrb_BNSS.html,,
sup-000570-37-31,crpc-1973-s37,bnss-2023-s31,crpc-1973,bnss-2023,2024-07-01,maps_to,,ncrb_BNSS.html,,
sup-000571-38-32,crpc-1973-s38,bnss-2023-s32,crpc-1973,bnss-2023,2024-07-01,maps_to,,ncrb_BNSS.html,,
sup-000572-39-33,crpc-1973-s39,bnss-2023-s33,crpc-1973,bnss-2023,2024-07-01,maps_to,,ncrb_BNSS.html,,
sup-000573-40-34,crpc-1973-s40,bnss-2023-s34,crpc-1973,bnss-2023,2024-07-01,maps_to,,ncrb_BNSS.html,,
sup-000574-41-35,crpc-1973-s41,bnss-2023-s35,crpc-1973,bnss-2023,2024-07-01,maps_to,,ncrb_BNSS.html,,
sup-000576-41A-35,crpc-1973-s41A,bnss-2023-s35,crpc-1973,bnss-2023,2024-07-01,maps_to,,ncrb_BNSS.html,,
sup-000578-41B-36,crpc-1973-s41B,bnss-2023-s36,crpc-1973,bnss-2023,2024-07-01,maps_to,,ncrb_BNSS.html,,
sup-000579-41C-37,crpc-1973-s41C,bnss-2023-s37,crpc-1973,bnss-2023,2024-07-01,maps_to,,ncrb_BNSS.html,,
sup-000580-41D-38,crpc-1973-s41D,bnss-2023-s38,crpc-1973,bnss-2023,2024-07-01,maps_to,,ncrb_BNSS.html,,
sup-000581-42-39,crpc-1973-s42,bnss-2023-s39,crpc-1973,bnss-2023,2024-07-01,maps_to,,ncrb_BNSS.html,,
sup-000582-43-40,crpc-1973-s43,bnss-2023-s40,crpc-1973,bnss-2023,2024-07-01,maps_to,,ncrb_BNSS.html,,
sup-000583-44-41,crpc-1973-s44,bnss-2023-s41,crpc-1973,bnss-2023,2024-07-01,maps_to,,ncrb_BNSS.html,,
sup-000584-45-42,crpc-1973-s45,bnss-2023-s42,crpc-1973,bnss-2023,2024-07-01,maps_to,,ncrb_BNSS.html,,
sup-000585-46-43,crpc-1973-s46,bnss-2023-s43,crpc-1973,bnss-2023,2024-07-01,maps_to,,ncrb_BNSS.html,,
sup-000591-47-44,crpc-1973-s47,bnss-2023-s44,crpc-1973,bnss-2023,2024-07-01,maps_to,,ncrb_BNSS.html,,
sup-000592-48-45,crpc-1973-s48,bnss-2023-s45,crpc-1973,bnss-2023,2024-07-01,maps_to,,ncrb_BNSS.html,,
sup-000593-49-46,crpc-1973-s49,bnss-2023-s46,crpc-1973,bnss-2023,2024-07-01,maps_to,,ncrb_BNSS.html,,
sup-000594-50-47,crpc-1973-s50,bnss-2023-s47,crpc-1973,bnss-2023,2024-07-01,maps_to,,ncrb_BNSS.html,,
sup-000595-50A-48,crpc-1973-s50A,bnss-2023-s48,crpc-1973,bnss-2023,2024-07-01,maps_to,,ncrb_BNSS.html,,
sup-000596-51-49,crpc-1973-s51,bnss-2023-s49,crpc-1973,bnss-2023,2024-07-01,maps_to,,ncrb_BNSS.html,,
sup-000597-52-50,crpc-1973-s52,bnss-2023-s50,crpc-1973,bnss-2023,2024-07-01,maps_to,,ncrb_BNSS.html,,
sup-000598-53-51,crpc-1973-s53,bnss-2023-s51,crpc-1973,bnss-2023,2024-07-01,maps_to,,ncrb_BNSS.html,,
sup-000602-53A-52,crpc-1973-s53A,bnss-2023-s52,crpc-1973,bnss-2023,2024-07-01,maps_to,,ncrb_BNSS.html,,
sup-000603-54-53,crpc-1973-s54,bnss-2023-s53,crpc-1973,bnss-2023,2024-07-01,maps_to,,ncrb_BNSS.html,,
sup-000604-54A-54,crpc-1973-s54A,bnss-2023-s54,crpc-1973,bnss-2023,2024-07-01,maps_to,,ncrb_BNSS.html,,
sup-000605-55-55,crpc-1973-s55,bnss-2023-s55,crpc-1973,bnss-2023,2024-07-01,maps_to,,ncrb_BNSS.html,,
sup-000606-55A-56,crpc-1973-s55A,bnss-2023-s56,crpc-1973,bnss-2023,2024-07-01,maps_to,,ncrb_BNSS.html,,
sup-000607-56-57,crpc-1973-s56,bnss-2023-s57,crpc-1973,bnss-2023,2024-07-01,maps_to,,ncrb_BNSS.html,,
sup-000608-57-58,crpc-1973-s57,bnss-2023-s58,crpc-1973,bnss-2023,2024-07-01,maps_to,,ncrb_BNSS.html,,
sup-000609-58-59,crpc-1973-s58,bnss-2023-s59,crpc-1973,bnss-2023,2024-07-01,maps_to,,ncrb_BNSS.html,,
sup-000610-59-60,crpc-1973-s59,bnss-2023-s60,crpc-1973,bnss-2023,2024-07-01,maps_to,,ncrb_BNSS.html,,
sup-000611-60-61,crpc-1973-s60,bnss-2023-s61,crpc-1973,bnss-2023,2024-07-01,maps_to,,ncrb_BNSS.html,,
sup-000612-60A-62,crpc-1973-s60A,bnss-2023-s62,crpc-1973,bnss-2023,2024-07-01,maps_to,,ncrb_BNSS.html,,
sup-000613-61-63,crpc-1973-s61,bnss-2023-s63,crpc-1973,bnss-2023,2024-07-01,maps_to,,ncrb_BNSS.html,,
sup-000614-62-64,crpc-1973-s62,bnss-2023-s64,crpc-1973,bnss-2023,2024-07-01,maps_to,,ncrb_BNSS.html,,
sup-000615-63-65,crpc-1973-s63,bnss-2023-s65,crpc-1973,bnss-2023,2024-07-01,maps_to,,ncrb_BNSS.html,,
sup-000617-64-66,crpc-1973-s64,bnss-2023-s66,crpc-1973,bnss-2023,2024-07-01,maps_to,,ncrb_BNSS.html,,
sup-000618-65-67,crpc-1973-s65,bnss-2023-s67,crpc-1973,bnss-2023,2024-07-01,maps_to,,ncrb_BNSS.html,,
sup-000619-66-68,crpc-1973-s66,bnss-2023-s68,crpc-1973,bnss-2023,2024-07-01,maps_to,,ncrb_BNSS.html,,
sup-000620-67-69,crpc-1973-s67,bnss-2023-s69,crpc-1973,bnss-2023,2024-07-01,maps_to,,ncrb_BNSS.html,,
sup-000621-68-70,crpc-1973-s68,bnss-2023-s70,crpc-1973,bnss-2023,2024-07-01,maps_to,,ncrb_BNSS.html,,
sup-000625-69-71,crpc-1973-s69,bnss-2023-s71,crpc-1973,bnss-2023,2024-07-01,maps_to,,ncrb_BNSS.html,,
sup-000626-70-72,crpc-1973-s70,bnss-2023-s72,crpc-1973,bnss-2023,2024-07-01,maps_to,,ncrb_BNSS.html,,
sup-000627-71-73,crpc-1973-s71,bnss-2023-s73,crpc-1973,bnss-2023,2024-07-01,maps_to,,ncrb_BNSS.html,,
sup-000628-72-74,crpc-1973-s72,bnss-2023-s74,crpc-1973,bnss-2023,2024-07-01,maps_to,,ncrb_BNSS.html,,
sup-000629-73-75,crpc-1973-s73,bnss-2023-s75,crpc-1973,bnss-2023,2024-07-01,maps_to,,ncrb_BNSS.html,,
sup-000630-74-76,crpc-1973-s74,bnss-2023-s76,crpc-1973,bnss-2023,2024-07-01,maps_to,,ncrb_BNSS.html,,
sup-000631-75-77,crpc-1973-s75,bnss-2023-s77,crpc-1973,bnss-2023,2024-07-01,maps_to,,ncrb_BNSS.html,,
sup-000632-76-78,crpc-1973-s76,bnss-2023-s78,crpc-1973,bnss-2023,2024-07-01,maps_to,,ncrb_BNSS.html,,
sup-000633-77-79,crpc-1973-s77,bnss-2023-s79,crpc-1973,bnss-2023,2024-07-01,maps_to,,ncrb_BNSS.html,,
sup-000634-78-80,crpc-1973-s78,bnss-2023-s80,crpc-1973,bnss-2023,2024-07-01,maps_to,,ncrb_BNSS.html,,
sup-000635-79-81,crpc-1973-s79,bnss-2023-s81,crpc-1973,bnss-2023,2024-07-01,maps_to,,ncrb_BNSS.html,,
sup-000636-80-82,crpc-1973-s80,bnss-2023-s82,crpc-1973,bnss-2023,2024-07-01,maps_to,,ncrb_BNSS.html,,
sup-000638-81-83,crpc-1973-s81,bnss-2023-s83,crpc-1973,bnss-2023,2024-07-01,maps_to,,ncrb_BNSS.html,,
sup-000639-82-84,crpc-1973-s82,bnss-2023-s84,crpc-1973,bnss-2023,2024-07-01,maps_to,,ncrb_BNSS.html,,
sup-000640-83-85,crpc-1973-s83,bnss-2023-s85,crpc-1973,bnss-2023,2024-07-01,maps_to,,ncrb_BNSS.html,,
sup-000642-84-87,crpc-1973-s84,bnss-2023-s87,crpc-1973,bnss-2023,2024-07-01,maps_to,,ncrb_BNSS.html,,
sup-000643-85-88,crpc-1973-s85,bnss-2023-s88,crpc-1973,bnss-2023,2024-07-01,maps_to,,ncrb_BNSS.html,,
sup-000644-86-89,crpc-1973-s86,bnss-2023-s89,crpc-1973,bnss-2023,2024-07-01,maps_to,,ncrb_BNSS.html,,
sup-000645-87-90,crpc-1973-s87,bnss-2023-s90,crpc-1973,bnss-2023,2024-07-01,maps_to,,ncrb_BNSS.html,,
sup-000646-88-91,crpc-1973-s88,bnss-2023-s91,crpc-1973,bnss-2023,2024-07-01,maps_to,,ncrb_BNSS.html,,
sup-000647-89-92,crpc-1973-s89,bnss-2023-s92,crpc-1973,bnss-2023,2024-07-01,maps_to,,ncrb_BNSS.html,,
sup-000648-90-93,crpc-1973-s90,bnss-2023-s93,crpc-1973,bnss-2023,2024-07-01,maps_to,,ncrb_BNSS.html,,
sup-000649-91-94,crpc-1973-s91,bnss-2023-s94,crpc-1973,bnss-2023,2024-07-01,maps_to,,ncrb_BNSS.html,,
sup-000650-92-95,crpc-1973-s92,bnss-2023-s95,crpc-1973,bnss-2023,2024-07-01,maps_to,,ncrb_BNSS.html,,
sup-000651-93-96,crpc-1973-s93,bnss-2023-s96,crpc-1973,bnss-2023,2024-07-01,maps_to,,ncrb_BNSS.html,,
sup-000652-94-97,crpc-1973-s94,bnss-2023-s97,crpc-1973,bnss-2023,2024-07-01,maps_to,,ncrb_BNSS.html,,
sup-000653-95-98,crpc-1973-s95,bnss-2023-s98,crpc-1973,bnss-2023,2024-07-01,maps_to,,ncrb_BNSS.html,,
sup-000654-96-99,crpc-1973-s96,bnss-2023-s99,crpc-1973,bnss-2023,2024-07-01,maps_to,,ncrb_BNSS.html,,
sup-000655-97-100,crpc-1973-s97,bnss-2023-s100,crpc-1973,bnss-2023,2024-07-01,maps_to,,ncrb_BNSS.html,,
sup-000656-98-101,crpc-1973-s98,bnss-2023-s101,crpc-1973,bnss-2023,2024-07-01,maps_to,,ncrb_BNSS.html,,
sup-000657-99-102,crpc-1973-s99,bnss-2023-s102,crpc-1973,bnss-2023,2024-07-01,maps_to,,ncrb_BNSS.html,,
sup-000658-100-103,crpc-1973-s100,bnss-2023-s103,crpc-1973,bnss-2023,2024-07-01,maps_to,,ncrb_BNSS.html,,
sup-000659-101-104,crpc-1973-s101,bnss-2023-s104,crpc-1973,bnss-2023,2024-07-01,maps_to,,ncrb_BNSS.html,,
sup-000661-102-106,crpc-1973-s102,bnss-2023-s106,crpc-1973,bnss-2023,2024-07-01,maps_to,,ncrb_BNSS.html,,
sup-000663-103-108,crpc-1973-s103,bnss-2023-s108,crpc-1973,bnss-2023,2024-07-01,maps_to,,ncrb_BNSS.html,,
sup-000664-104-109,crpc-1973-s104,bnss-2023-s109,crpc-1973,bnss-2023,2024-07-01,maps_to,,ncrb_BNSS.html,,
sup-000665-105-110,crpc-1973-s105,bnss-2023-s110,crpc-1973,bnss-2023,2024-07-01,maps_to,,ncrb_BNSS.html,,
sup-000666-105A-111,crpc-1973-s105A,bnss-2023-s111,crpc-1973,bnss-2023,2024-07-01,maps_to,,ncrb_BNSS.html,,
sup-000667-166A-112,crpc-1973-s166A,bnss-2023-s112,crpc-1973,bnss-2023,2024-07-01,maps_to,,ncrb_BNSS.html,,
sup-000668-166B-113,crpc-1973-s166B,bnss-2023-s113,crpc-1973,bnss-2023,2024-07-01,maps_to,,ncrb_BNSS.html,,
sup-000669-105B-114,crpc-1973-s105B,bnss-2023-s114,crpc-1973,bnss-2023,2024-07-01,maps_to,,ncrb_BNSS.html,,
sup-000670-105C-115,crpc-1973-s105C,bnss-2023-s115,crpc-1973,bnss-2023,2024-07-01,maps_to,,ncrb_BNSS.html,,
sup-000671-105D-116,crpc-1973-s105D,bnss-2023-s116,crpc-1973,bnss-2023,2024-07-01,maps_to,,ncrb_BNSS.html,,
sup-000672-105E-117,crpc-1973-s105E,bnss-2023-s117,crpc-1973,bnss-2023,2024-07-01,maps_to,,ncrb_BNSS.html,,
sup-000673-105F-118,crpc-1973-s105F,bnss-2023-s118,crpc-1973,bnss-2023,2024-07-01,maps_to,,ncrb_BNSS.html,,
sup-000674-105G-119,crpc-1973-s105G,bnss-2023-s119,crpc-1973,bnss-2023,2024-07-01,maps_to,,ncrb_BNSS.html,,
sup-000675-105H-120,crpc-1973-s105H,bnss-2023-s120,crpc-1973,bnss-2023,2024-07-01,maps_to,,ncrb_BNSS.html,,
sup-000676-105-121,crpc-1973-s105,bnss-2023-s121,crpc-1973,bnss-2023,2024-07-01,maps_to,,ncrb_BNSS.html,,
sup-000677-105J-122,crpc-1973-s105J,bnss-2023-s122,crpc-1973,bnss-2023,2024-07-01,maps_to,,ncrb_BNSS.html,,
sup-000678-105K-123,crpc-1973-s105K,bnss-2023-s123,crpc-1973,bnss-2023,2024-07-01,maps_to,,ncrb_BNSS.html,,
sup-000679-105L-124,crpc-1973-s105L,bnss-2023-s124,crpc-1973,bnss-2023,2024-07-01,maps_to,,ncrb_BNSS.html,,
sup-000680-106-125,crpc-1973-s106,bnss-2023-s125,crpc-1973,bnss-2023,2024-07-01,maps_to,,ncrb_BNSS.html,,
sup-000681-107-126,crpc-1973-s107,bnss-2023-s126,crpc-1973,bnss-2023,2024-07-01,maps_to,,ncrb_BNSS.html,,
sup-000682-108-127,crpc-1973-s108,bnss-2023-s127,crpc-1973,bnss-2023,2024-07-01,maps_to,,ncrb_BNSS.html,,
sup-000683-109-128,crpc-1973-s109,bnss-2023-s128,crpc-1973,bnss-2023,2024-07-01,maps_to,,ncrb_BNSS.html,,
sup-000684-110-129,crpc-1973-s110,bnss-2023-s129,crpc-1973,bnss-2023,2024-07-01,maps_to,,ncrb_BNSS.html,,
sup-000685-111-130,crpc-1973-s111,bnss-2023-s130,crpc-1973,bnss-2023,2024-07-01,maps_to,,ncrb_BNSS.html,,
sup-000686-112-131,crpc-1973-s112,bnss-2023-s131,crpc-1973,bnss-2023,2024-07-01,maps_to,,ncrb_BNSS.html,,
sup-000687-113-132,crpc-1973-s113,bnss-2023-s132,crpc-1973,bnss-2023,2024-07-01,maps_to,,ncrb_BNSS.html,,
sup-000688-114-133,crpc-1973-s114,bnss-2023-s133,crpc-1973,bnss-2023,2024-07-01,maps_to,,ncrb_BNSS.html,,
sup-000689-115-134,crpc-1973-s115,bnss-2023-s134,crpc-1973,bnss-2023,2024-07-01,maps_to,,ncrb_BNSS.html,,
sup-000690-116-135,crpc-1973-s116,bnss-2023-s135,crpc-1973,bnss-2023,2024-07-01,maps_to,,ncrb_BNSS.html,,
sup-000691-117-136,crpc-1973-s117,bnss-2023-s136,crpc-1973,bnss-2023,2024-07-01,maps_to,,ncrb_BNSS.html,,
sup-000692-118-137,crpc-1973-s118,bnss-2023-s137,crpc-1973,bnss-2023,2024-07-01,maps_to,,ncrb_BNSS.html,,
sup-000693-119-138,crpc-1973-s119,bnss-2023-s138,crpc-1973,bnss-2023,2024-07-01,maps_to,,ncrb_BNSS.html,,
sup-000694-120-139,crpc-1973-s120,bnss-2023-s139,crpc-1973,bnss-2023,2024-07-01,maps_to,,ncrb_BNSS.html,,
sup-000695-121-140,crpc-1973-s121,bnss-2023-s140,crpc-1973,bnss-2023,2024-07-01,maps_to,,ncrb_BNSS.html,,
sup-000696-122-141,crpc-1973-s122,bnss-2023-s141,crpc-1973,bnss-2023,2024-07-01,maps_to,,ncrb_BNSS.html,,
sup-000697-123-142,crpc-1973-s123,bnss-2023-s142,crpc-1973,bnss-2023,2024-07-01,maps_to,,ncrb_BNSS.html,,
sup-000698-124-143,crpc-1973-s124,bnss-2023-s143,crpc-1973,bnss-2023,2024-07-01,maps_to,,ncrb_BNSS.html,,
sup-000699-125-144,crpc-1973-s125,bnss-2023-s144,crpc-1973,bnss-2023,2024-07-01,maps_to,,ncrb_BNSS.html,,
sup-000700-126-145,crpc-1973-s126,bnss-2023-s145,crpc-1973,bnss-2023,2024-07-01,maps_to,,ncrb_BNSS.html,,
sup-000701-127-146,crpc-1973-s127,bnss-2023-s146,crpc-1973,bnss-2023,2024-07-01,maps_to,,ncrb_BNSS.html,,
sup-000702-128-147,crpc-1973-s128,bnss-2023-s147,crpc-1973,bnss-2023,2024-07-01,maps_to,,ncrb_BNSS.html,,
sup-000703-129-148,crpc-1973-s129,bnss-2023-s148,crpc-1973,bnss-2023,2024-07-01,maps_to,,ncrb_BNSS.html,,
sup-000704-130-149,crpc-1973-s130,bnss-2023-s149,crpc-1973,bnss-2023,2024-07-01,maps_to,,ncrb_BNSS.html,,
sup-000705-131-150,crpc-1973-s131,bnss-2023-s150,crpc-1973,bnss-2023,2024-07-01,maps_to,,ncrb_BNSS.html,,
sup-000706-132-151,crpc-1973-s132,bnss-2023-s151,crpc-1973,bnss-2023,2024-07-01,maps_to,,ncrb_BNSS.html,,
sup-000706-132-150,crpc-1973-s132,bnss-2023-s150,crpc-1973,bnss-2023,2024-07-01,maps_to,,ncrb_BNSS.html,,
sup-000707-133-152,crpc-1973-s133,bnss-2023-s152,crpc-1973,bnss-2023,2024-07-01,maps_to,,ncrb_BNSS.html,,
sup-000708-134-153,crpc-1973-s134,bnss-2023-s153,crpc-1973,bnss-2023,2024-07-01,maps_to,,ncrb_BNSS.html,,
sup-000709-135-154,crpc-1973-s135,bnss-2023-s154,crpc-1973,bnss-2023,2024-07-01,maps_to,,ncrb_BNSS.html,,
sup-000710-136-155,crpc-1973-s136,bnss-2023-s155,crpc-1973,bnss-2023,2024-07-01,maps_to,,ncrb_BNSS.html,,
sup-000711-137-156,crpc-1973-s137,bnss-2023-s156,crpc-1973,bnss-2023,2024-07-01,maps_to,,ncrb_BNSS.html,,
sup-000712-138-157,crpc-1973-s138,bnss-2023-s157,crpc-1973,bnss-2023,2024-07-01,maps_to,,ncrb_BNSS.html,,
sup-000713-139-158,crpc-1973-s139,bnss-2023-s158,crpc-1973,bnss-2023,2024-07-01,maps_to,,ncrb_BNSS.html,,
sup-000714-140-159,crpc-1973-s140,bnss-2023-s159,crpc-1973,bnss-2023,2024-07-01,maps_to,,ncrb_BNSS.html,,
sup-000715-141-160,crpc-1973-s141,bnss-2023-s160,crpc-1973,bnss-2023,2024-07-01,maps_to,,ncrb_BNSS.html,,
sup-000716-142-161,crpc-1973-s142,bnss-2023-s161,crpc-1973,bnss-2023,2024-07-01,maps_to,,ncrb_BNSS.html,,
sup-000717-143-162,crpc-1973-s143,bnss-2023-s162,crpc-1973,bnss-2023,2024-07-01,maps_to,,ncrb_BNSS.html,,
sup-000718-144-163,crpc-1973-s144,bnss-2023-s163,crpc-1973,bnss-2023,2024-07-01,maps_to,,ncrb_BNSS.html,,
sup-000719-144A,crpc-1973-s144A,,crpc-1973,,2024-07-01,repealed_no_successor,repealed 2024-07-01; no corresponding provision,ncrb_BNSS.html,,
sup-000720-145-164,crpc-1973-s145,bnss-2023-s164,crpc-1973,bnss-2023,2024-07-01,maps_to,,ncrb_BNSS.html,,
sup-000721-146-165,crpc-1973-s146,bnss-2023-s165,crpc-1973,bnss-2023,2024-07-01,maps_to,,ncrb_BNSS.html,,
sup-000722-147-166,crpc-1973-s147,bnss-2023-s166,crpc-1973,bnss-2023,2024-07-01,maps_to,,ncrb_BNSS.html,,
sup-000723-148-167,crpc-1973-s148,bnss-2023-s167,crpc-1973,bnss-2023,2024-07-01,maps_to,,ncrb_BNSS.html,,
sup-000724-149-168,crpc-1973-s149,bnss-2023-s168,crpc-1973,bnss-2023,2024-07-01,maps_to,,ncrb_BNSS.html,,
sup-000725-150-169,crpc-1973-s150,bnss-2023-s169,crpc-1973,bnss-2023,2024-07-01,maps_to,,ncrb_BNSS.html,,
sup-000726-151-170,crpc-1973-s151,bnss-2023-s170,crpc-1973,bnss-2023,2024-07-01,maps_to,,ncrb_BNSS.html,,
sup-000727-152-171,crpc-1973-s152,bnss-2023-s171,crpc-1973,bnss-2023,2024-07-01,maps_to,,ncrb_BNSS.html,,
sup-000729-153,crpc-1973-s153,,crpc-1973,,2024-07-01,repealed_no_successor,repealed 2024-07-01; no corresponding provision,ncrb_BNSS.html,,
sup-000730-154-173,crpc-1973-s154,bnss-2023-s173,crpc-1973,bnss-2023,2024-07-01,maps_to,,ncrb_BNSS.html,,
sup-000731-155-174,crpc-1973-s155,bnss-2023-s174,crpc-1973,bnss-2023,2024-07-01,maps_to,,ncrb_BNSS.html,,
sup-000732-156-175,crpc-1973-s156,bnss-2023-s175,crpc-1973,bnss-2023,2024-07-01,maps_to,,ncrb_BNSS.html,,
sup-000736-157-176,crpc-1973-s157,bnss-2023-s176,crpc-1973,bnss-2023,2024-07-01,maps_to,,ncrb_BNSS.html,,
sup-000740-158-177,crpc-1973-s158,bnss-2023-s177,crpc-1973,bnss-2023,2024-07-01,maps_to,,ncrb_BNSS.html,,
sup-000741-159-178,crpc-1973-s159,bnss-2023-s178,crpc-1973,bnss-2023,2024-07-01,maps_to,,ncrb_BNSS.html,,
sup-000742-160-179,crpc-1973-s160,bnss-2023-s179,crpc-1973,bnss-2023,2024-07-01,maps_to,,ncrb_BNSS.html,,
sup-000743-161-180,crpc-1973-s161,bnss-2023-s180,crpc-1973,bnss-2023,2024-07-01,maps_to,,ncrb_BNSS.html,,
sup-000744-162-181,crpc-1973-s162,bnss-2023-s181,crpc-1973,bnss-2023,2024-07-01,maps_to,,ncrb_BNSS.html,,
sup-000745-163-182,crpc-1973-s163,bnss-2023-s182,crpc-1973,bnss-2023,2024-07-01,maps_to,,ncrb_BNSS.html,,
sup-000746-164-183,crpc-1973-s164,bnss-2023-s183,crpc-1973,bnss-2023,2024-07-01,maps_to,,ncrb_BNSS.html,,
sup-000747-164A-184,crpc-1973-s164A,bnss-2023-s184,crpc-1973,bnss-2023,2024-07-01,maps_to,,ncrb_BNSS.html,,
sup-000748-165-185,crpc-1973-s165,bnss-2023-s185,crpc-1973,bnss-2023,2024-07-01,maps_to,,ncrb_BNSS.html,,
sup-000749-166-186,crpc-1973-s166,bnss-2023-s186,crpc-1973,bnss-2023,2024-07-01,maps_to,,ncrb_BNSS.html,,
sup-000750-167-187,crpc-1973-s167,bnss-2023-s187,crpc-1973,bnss-2023,2024-07-01,maps_to,,ncrb_BNSS.html,,
sup-000751-168-188,crpc-1973-s168,bnss-2023-s188,crpc-1973,bnss-2023,2024-07-01,maps_to,,ncrb_BNSS.html,,
sup-000752-169-189,crpc-1973-s169,bnss-2023-s189,crpc-1973,bnss-2023,2024-07-01,maps_to,,ncrb_BNSS.html,,
sup-000753-170-190,crpc-1973-s170,bnss-2023-s190,crpc-1973,bnss-2023,2024-07-01,maps_to,,ncrb_BNSS.html,,
sup-000754-171-191,crpc-1973-s171,bnss-2023-s191,crpc-1973,bnss-2023,2024-07-01,maps_to,,ncrb_BNSS.html,,
sup-000755-172-192,crpc-1973-s172,bnss-2023-s192,crpc-1973,bnss-2023,2024-07-01,maps_to,,ncrb_BNSS.html,,
sup-000756-173-193,crpc-1973-s173,bnss-2023-s193,crpc-1973,bnss-2023,2024-07-01,maps_to,,ncrb_BNSS.html,,
sup-000757-174-194,crpc-1973-s174,bnss-2023-s194,crpc-1973,bnss-2023,2024-07-01,maps_to,,ncrb_BNSS.html,,
sup-000758-175-195,crpc-1973-s175,bnss-2023-s195,crpc-1973,bnss-2023,2024-07-01,maps_to,,ncrb_BNSS.html,,
sup-000759-176-196,crpc-1973-s176,bnss-2023-s196,crpc-1973,bnss-2023,2024-07-01,maps_to,,ncrb_BNSS.html,,
sup-000760-177-197,crpc-1973-s177,bnss-2023-s197,crpc-1973,bnss-2023,2024-07-01,maps_to,,ncrb_BNSS.html,,
sup-000761-178-198,crpc-1973-s178,bnss-2023-s198,crpc-1973,bnss-2023,2024-07-01,maps_to,,ncrb_BNSS.html,,
sup-000762-179-199,crpc-1973-s179,bnss-2023-s199,crpc-1973,bnss-2023,2024-07-01,maps_to,,ncrb_BNSS.html,,
sup-000763-180-200,crpc-1973-s180,bnss-2023-s200,crpc-1973,bnss-2023,2024-07-01,maps_to,,ncrb_BNSS.html,,
sup-000764-181-201,crpc-1973-s181,bnss-2023-s201,crpc-1973,bnss-2023,2024-07-01,maps_to,,ncrb_BNSS.html,,
sup-000765-182-202,crpc-1973-s182,bnss-2023-s202,crpc-1973,bnss-2023,2024-07-01,maps_to,,ncrb_BNSS.html,,
sup-000766-183-203,crpc-1973-s183,bnss-2023-s203,crpc-1973,bnss-2023,2024-07-01,maps_to,,ncrb_BNSS.html,,
sup-000767-184-204,crpc-1973-s184,bnss-2023-s204,crpc-1973,bnss-2023,2024-07-01,maps_to,,ncrb_BNSS.html,,
sup-000768-185-205,crpc-1973-s185,bnss-2023-s205,crpc-1973,bnss-2023,2024-07-01,maps_to,,ncrb_BNSS.html,,
sup-000769-186-206,crpc-1973-s186,bnss-2023-s206,crpc-1973,bnss-2023,2024-07-01,maps_to,,ncrb_BNSS.html,,
sup-000770-187-207,crpc-1973-s187,bnss-2023-s207,crpc-1973,bnss-2023,2024-07-01,maps_to,,ncrb_BNSS.html,,
sup-000771-188-208,crpc-1973-s188,bnss-2023-s208,crpc-1973,bnss-2023,2024-07-01,maps_to,,ncrb_BNSS.html,,
sup-000772-189-209,crpc-1973-s189,bnss-2023-s209,crpc-1973,bnss-2023,2024-07-01,maps_to,,ncrb_BNSS.html,,
sup-000773-190-210,crpc-1973-s190,bnss-2023-s210,crpc-1973,bnss-2023,2024-07-01,maps_to,,ncrb_BNSS.html,,
sup-000774-191-211,crpc-1973-s191,bnss-2023-s211,crpc-1973,bnss-2023,2024-07-01,maps_to,,ncrb_BNSS.html,,
sup-000775-192-212,crpc-1973-s192,bnss-2023-s212,crpc-1973,bnss-2023,2024-07-01,maps_to,,ncrb_BNSS.html,,
sup-000776-193-213,crpc-1973-s193,bnss-2023-s213,crpc-1973,bnss-2023,2024-07-01,maps_to,,ncrb_BNSS.html,,
sup-000777-194-214,crpc-1973-s194,bnss-2023-s214,crpc-1973,bnss-2023,2024-07-01,maps_to,,ncrb_BNSS.html,,
sup-000778-195-215,crpc-1973-s195,bnss-2023-s215,crpc-1973,bnss-2023,2024-07-01,maps_to,,ncrb_BNSS.html,,
sup-000779-195A-216,crpc-1973-s195A,bnss-2023-s216,crpc-1973,bnss-2023,2024-07-01,maps_to,,ncrb_BNSS.html,,
sup-000780-196-217,crpc-1973-s196,bnss-2023-s217,crpc-1973,bnss-2023,2024-07-01,maps_to,,ncrb_BNSS.html,,
sup-000781-197-218,crpc-1973-s197,bnss-2023-s218,crpc-1973,bnss-2023,2024-07-01,maps_to,,ncrb_BNSS.html,,
sup-000782-198-219,crpc-1973-s198,bnss-2023-s219,crpc-1973,bnss-2023,2024-07-01,maps_to,,ncrb_BNSS.html,,
sup-000783-198B-221,crpc-1973-s198B,bnss-2023-s221,crpc-1973,bnss-2023,2024-07-01,maps_to,,ncrb_BNSS.html,,
sup-000784-199-222,crpc-1973-s199,bnss-2023-s222,crpc-1973,bnss-2023,2024-07-01,maps_to,,ncrb_BNSS.html,,
sup-000785-200-223,crpc-1973-s200,bnss-2023-s223,crpc-1973,bnss-2023,2024-07-01,maps_to,,ncrb_BNSS.html,,
sup-000787-201-224,crpc-1973-s201,bnss-2023-s224,crpc-1973,bnss-2023,2024-07-01,maps_to,,ncrb_BNSS.html,,
sup-000788-202-225,crpc-1973-s202,bnss-2023-s225,crpc-1973,bnss-2023,2024-07-01,maps_to,,ncrb_BNSS.html,,
sup-000789-203-226,crpc-1973-s203,bnss-2023-s226,crpc-1973,bnss-2023,2024-07-01,maps_to,,ncrb_BNSS.html,,
sup-000790-204-227,crpc-1973-s204,bnss-2023-s227,crpc-1973,bnss-2023,2024-07-01,maps_to,,ncrb_BNSS.html,,
sup-000791-205-228,crpc-1973-s205,bnss-2023-s228,crpc-1973,bnss-2023,2024-07-01,maps_to,,ncrb_BNSS.html,,
sup-000792-206-229,crpc-1973-s206,bnss-2023-s229,crpc-1973,bnss-2023,2024-07-01,maps_to,,ncrb_BNSS.html,,
sup-000793-207-230,crpc-1973-s207,bnss-2023-s230,crpc-1973,bnss-2023,2024-07-01,maps_to,,ncrb_BNSS.html,,
sup-000794-208-231,crpc-1973-s208,bnss-2023-s231,crpc-1973,bnss-2023,2024-07-01,maps_to,,ncrb_BNSS.html,,
sup-000795-209-232,crpc-1973-s209,bnss-2023-s232,crpc-1973,bnss-2023,2024-07-01,maps_to,,ncrb_BNSS.html,,
sup-000796-210-233,crpc-1973-s210,bnss-2023-s233,crpc-1973,bnss-2023,2024-07-01,maps_to,,ncrb_BNSS.html,,
sup-000797-211-234,crpc-1973-s211,bnss-2023-s234,crpc-1973,bnss-2023,2024-07-01,maps_to,,ncrb_BNSS.html,,
sup-000798-212-235,crpc-1973-s212,bnss-2023-s235,crpc-1973,bnss-2023,2024-07-01,maps_to,,ncrb_BNSS.html,,
sup-000799-213-236,crpc-1973-s213,bnss-2023-s236,crpc-1973,bnss-2023,2024-07-01,maps_to,,ncrb_BNSS.html,,
sup-000800-214-237,crpc-1973-s214,bnss-2023-s237,crpc-1973,bnss-2023,2024-07-01,maps_to,,ncrb_BNSS.html,,
sup-000801-215-238,crpc-1973-s215,bnss-2023-s238,crpc-1973,bnss-2023,2024-07-01,maps_to,,ncrb_BNSS.html,,
sup-000802-216-239,crpc-1973-s216,bnss-2023-s239,crpc-1973,bnss-2023,2024-07-01,maps_to,,ncrb_BNSS.html,,
sup-000803-217-240,crpc-1973-s217,bnss-2023-s240,crpc-1973,bnss-2023,2024-07-01,maps_to,,ncrb_BNSS.html,,
sup-000804-218-241,crpc-1973-s218,bnss-2023-s241,crpc-1973,bnss-2023,2024-07-01,maps_to,,ncrb_BNSS.html,,
sup-000805-219-242,crpc-1973-s219,bnss-2023-s242,crpc-1973,bnss-2023,2024-07-01,maps_to,,ncrb_BNSS.html,,
sup-000806-220-243,crpc-1973-s220,bnss-2023-s243,crpc-1973,bnss-2023,2024-07-01,maps_to,,ncrb_BNSS.html,,
sup-000807-221-244,crpc-1973-s221,bnss-2023-s244,crpc-1973,bnss-2023,2024-07-01,maps_to,,ncrb_BNSS.html,,
sup-000808-222-245,crpc-1973-s222,bnss-2023-s245,crpc-1973,bnss-2023,2024-07-01,maps_to,,ncrb_BNSS.html,,
sup-000809-223-246,crpc-1973-s223,bnss-2023-s246,crpc-1973,bnss-2023,2024-07-01,maps_to,,ncrb_BNSS.html,,
sup-000810-224-247,crpc-1973-s224,bnss-2023-s247,crpc-1973,bnss-2023,2024-07-01,maps_to,,ncrb_BNSS.html,,
sup-000811-225-248,crpc-1973-s225,bnss-2023-s248,crpc-1973,bnss-2023,2024-07-01,maps_to,,ncrb_BNSS.html,,
sup-000812-226-249,crpc-1973-s226,bnss-2023-s249,crpc-1973,bnss-2023,2024-07-01,maps_to,,ncrb_BNSS.html,,
sup-000814-227-250,crpc-1973-s227,bnss-2023-s250,crpc-1973,bnss-2023,2024-07-01,maps_to,,ncrb_BNSS.html,,
sup-000815-228-251,crpc-1973-s228,bnss-2023-s251,crpc-1973,bnss-2023,2024-07-01,maps_to,,ncrb_BNSS.html,,
sup-000816-229-252,crpc-1973-s229,bnss-2023-s252,crpc-1973,bnss-2023,2024-07-01,maps_to,,ncrb_BNSS.html,,
sup-000817-230-253,crpc-1973-s230,bnss-2023-s253,crpc-1973,bnss-2023,2024-07-01,maps_to,,ncrb_BNSS.html,,
sup-000818-231-254,crpc-1973-s231,bnss-2023-s254,crpc-1973,bnss-2023,2024-07-01,maps_to,,ncrb_BNSS.html,,
sup-000822-232-255,crpc-1973-s232,bnss-2023-s255,crpc-1973,bnss-2023,2024-07-01,maps_to,,ncrb_BNSS.html,,
sup-000823-233-256,crpc-1973-s233,bnss-2023-s256,crpc-1973,bnss-2023,2024-07-01,maps_to,,ncrb_BNSS.html,,
sup-000824-234-257,crpc-1973-s234,bnss-2023-s257,crpc-1973,bnss-2023,2024-07-01,maps_to,,ncrb_BNSS.html,,
sup-000825-235-258,crpc-1973-s235,bnss-2023-s258,crpc-1973,bnss-2023,2024-07-01,maps_to,,ncrb_BNSS.html,,
sup-000826-236-259,crpc-1973-s236,bnss-2023-s259,crpc-1973,bnss-2023,2024-07-01,maps_to,,ncrb_BNSS.html,,
sup-000827-237-260,crpc-1973-s237,bnss-2023-s260,crpc-1973,bnss-2023,2024-07-01,maps_to,,ncrb_BNSS.html,,
sup-000828-238-261,crpc-1973-s238,bnss-2023-s261,crpc-1973,bnss-2023,2024-07-01,maps_to,,ncrb_BNSS.html,,
sup-000830-239-262,crpc-1973-s239,bnss-2023-s262,crpc-1973,bnss-2023,2024-07-01,maps_to,,ncrb_BNSS.html,,
sup-000831-240-263,crpc-1973-s240,bnss-2023-s263,crpc-1973,bnss-2023,2024-07-01,maps_to,,ncrb_BNSS.html,,
sup-000832-241-264,crpc-1973-s241,bnss-2023-s264,crpc-1973,bnss-2023,2024-07-01,maps_to,,ncrb_BNSS.html,,
sup-000833-242-265,crpc-1973-s242,bnss-2023-s265,crpc-1973,bnss-2023,2024-07-01,maps_to,,ncrb_BNSS.html,,
sup-000834-243-266,crpc-1973-s243,bnss-2023-s266,crpc-1973,bnss-2023,2024-07-01,maps_to,,ncrb_BNSS.html,,
sup-000835-244-267,crpc-1973-s244,bnss-2023-s267,crpc-1973,bnss-2023,2024-07-01,maps_to,,ncrb_BNSS.html,,
sup-000836-245-268,crpc-1973-s245,bnss-2023-s268,crpc-1973,bnss-2023,2024-07-01,maps_to,,ncrb_BNSS.html,,
sup-000837-246-269,crpc-1973-s246,bnss-2023-s269,crpc-1973,bnss-2023,2024-07-01,maps_to,,ncrb_BNSS.html,,
sup-000838-247-270,crpc-1973-s247,bnss-2023-s270,crpc-1973,bnss-2023,2024-07-01,maps_to,,ncrb_BNSS.html,,
sup-000839-248-271,crpc-1973-s248,bnss-2023-s271,crpc-1973,bnss-2023,2024-07-01,maps_to,,ncrb_BNSS.html,,
sup-000840-249-272,crpc-1973-s249,bnss-2023-s272,crpc-1973,bnss-2023,2024-07-01,maps_to,,ncrb_BNSS.html,,
sup-000841-250-273,crpc-1973-s250,bnss-2023-s273,crpc-1973,bnss-2023,2024-07-01,maps_to,,ncrb_BNSS.html,,
sup-000842-251-274,crpc-1973-s251,bnss-2023-s274,crpc-1973,bnss-2023,2024-07-01,maps_to,,ncrb_BNSS.html,,
sup-000843-252-275,crpc-1973-s252,bnss-2023-s275,crpc-1973,bnss-2023,2024-07-01,maps_to,,ncrb_BNSS.html,,
sup-000844-253-276,crpc-1973-s253,bnss-2023-s276,crpc-1973,bnss-2023,2024-07-01,maps_to,,ncrb_BNSS.html,,
sup-000845-254-277,crpc-1973-s254,bnss-2023-s277,crpc-1973,bnss-2023,2024-07-01,maps_to,,ncrb_BNSS.html,,
sup-000846-255-278,crpc-1973-s255,bnss-2023-s278,crpc-1973,bnss-2023,2024-07-01,maps_to,,ncrb_BNSS.html,,
sup-000847-256-279,crpc-1973-s256,bnss-2023-s279,crpc-1973,bnss-2023,2024-07-01,maps_to,,ncrb_BNSS.html,,
sup-000848-257-280,crpc-1973-s257,bnss-2023-s280,crpc-1973,bnss-2023,2024-07-01,maps_to,,ncrb_BNSS.html,,
sup-000849-258-281,crpc-1973-s258,bnss-2023-s281,crpc-1973,bnss-2023,2024-07-01,maps_to,,ncrb_BNSS.html,,
sup-000850-259-282,crpc-1973-s259,bnss-2023-s282,crpc-1973,bnss-2023,2024-07-01,maps_to,,ncrb_BNSS.html,,
sup-000851-260-283,crpc-1973-s260,bnss-2023-s283,crpc-1973,bnss-2023,2024-07-01,maps_to,,ncrb_BNSS.html,,
sup-000853-261-284,crpc-1973-s261,bnss-2023-s284,crpc-1973,bnss-2023,2024-07-01,maps_to,,ncrb_BNSS.html,,
sup-000854-262-285,crpc-1973-s262,bnss-2023-s285,crpc-1973,bnss-2023,2024-07-01,maps_to,,ncrb_BNSS.html,,
sup-000855-263-286,crpc-1973-s263,bnss-2023-s286,crpc-1973,bnss-2023,2024-07-01,maps_to,,ncrb_BNSS.html,,
sup-000856-264-287,crpc-1973-s264,bnss-2023-s287,crpc-1973,bnss-2023,2024-07-01,maps_to,,ncrb_BNSS.html,,
sup-000857-265-288,crpc-1973-s265,bnss-2023-s288,crpc-1973,bnss-2023,2024-07-01,maps_to,,ncrb_BNSS.html,,
sup-000858-265A-289,crpc-1973-s265A,bnss-2023-s289,crpc-1973,bnss-2023,2024-07-01,maps_to,,ncrb_BNSS.html,,
sup-000859-265B-290,crpc-1973-s265B,bnss-2023-s290,crpc-1973,bnss-2023,2024-07-01,maps_to,,ncrb_BNSS.html,,
sup-000860-265C-291,crpc-1973-s265C,bnss-2023-s291,crpc-1973,bnss-2023,2024-07-01,maps_to,,ncrb_BNSS.html,,
sup-000861-265D-292,crpc-1973-s265D,bnss-2023-s292,crpc-1973,bnss-2023,2024-07-01,maps_to,,ncrb_BNSS.html,,
sup-000862-265E-293,crpc-1973-s265E,bnss-2023-s293,crpc-1973,bnss-2023,2024-07-01,maps_to,,ncrb_BNSS.html,,
sup-000863-265F-294,crpc-1973-s265F,bnss-2023-s294,crpc-1973,bnss-2023,2024-07-01,maps_to,,ncrb_BNSS.html,,
sup-000864-265G-295,crpc-1973-s265G,bnss-2023-s295,crpc-1973,bnss-2023,2024-07-01,maps_to,,ncrb_BNSS.html,,
sup-000865-265H-296,crpc-1973-s265H,bnss-2023-s296,crpc-1973,bnss-2023,2024-07-01,maps_to,,ncrb_BNSS.html,,
sup-000866-265-297,crpc-1973-s265,bnss-2023-s297,crpc-1973,bnss-2023,2024-07-01,maps_to,,ncrb_BNSS.html,,
sup-000867-265J-298,crpc-1973-s265J,bnss-2023-s298,crpc-1973,bnss-2023,2024-07-01,maps_to,,ncrb_BNSS.html,,
sup-000868-265K-299,crpc-1973-s265K,bnss-2023-s299,crpc-1973,bnss-2023,2024-07-01,maps_to,,ncrb_BNSS.html,,
sup-000869-265L-300,crpc-1973-s265L,bnss-2023-s300,crpc-1973,bnss-2023,2024-07-01,maps_to,,ncrb_BNSS.html,,
sup-000870-266-301,crpc-1973-s266,bnss-2023-s301,crpc-1973,bnss-2023,2024-07-01,maps_to,,ncrb_BNSS.html,,
sup-000871-267-302,crpc-1973-s267,bnss-2023-s302,crpc-1973,bnss-2023,2024-07-01,maps_to,,ncrb_BNSS.html,,
sup-000872-268-303,crpc-1973-s268,bnss-2023-s303,crpc-1973,bnss-2023,2024-07-01,maps_to,,ncrb_BNSS.html,,
sup-000873-269-304,crpc-1973-s269,bnss-2023-s304,crpc-1973,bnss-2023,2024-07-01,maps_to,,ncrb_BNSS.html,,
sup-000874-270-305,crpc-1973-s270,bnss-2023-s305,crpc-1973,bnss-2023,2024-07-01,maps_to,,ncrb_BNSS.html,,
sup-000875-271-306,crpc-1973-s271,bnss-2023-s306,crpc-1973,bnss-2023,2024-07-01,maps_to,,ncrb_BNSS.html,,
sup-000876-272-307,crpc-1973-s272,bnss-2023-s307,crpc-1973,bnss-2023,2024-07-01,maps_to,,ncrb_BNSS.html,,
sup-000877-273-308,crpc-1973-s273,bnss-2023-s308,crpc-1973,bnss-2023,2024-07-01,maps_to,,ncrb_BNSS.html,,
sup-000878-274-309,crpc-1973-s274,bnss-2023-s309,crpc-1973,bnss-2023,2024-07-01,maps_to,,ncrb_BNSS.html,,
sup-000879-275-310,crpc-1973-s275,bnss-2023-s310,crpc-1973,bnss-2023,2024-07-01,maps_to,,ncrb_BNSS.html,,
sup-000880-276-311,crpc-1973-s276,bnss-2023-s311,crpc-1973,bnss-2023,2024-07-01,maps_to,,ncrb_BNSS.html,,
sup-000881-277-312,crpc-1973-s277,bnss-2023-s312,crpc-1973,bnss-2023,2024-07-01,maps_to,,ncrb_BNSS.html,,
sup-000882-278-313,crpc-1973-s278,bnss-2023-s313,crpc-1973,bnss-2023,2024-07-01,maps_to,,ncrb_BNSS.html,,
sup-000883-279-314,crpc-1973-s279,bnss-2023-s314,crpc-1973,bnss-2023,2024-07-01,maps_to,,ncrb_BNSS.html,,
sup-000884-280-315,crpc-1973-s280,bnss-2023-s315,crpc-1973,bnss-2023,2024-07-01,maps_to,,ncrb_BNSS.html,,
sup-000885-281-316,crpc-1973-s281,bnss-2023-s316,crpc-1973,bnss-2023,2024-07-01,maps_to,,ncrb_BNSS.html,,
sup-000886-282-317,crpc-1973-s282,bnss-2023-s317,crpc-1973,bnss-2023,2024-07-01,maps_to,,ncrb_BNSS.html,,
sup-000887-283-318,crpc-1973-s283,bnss-2023-s318,crpc-1973,bnss-2023,2024-07-01,maps_to,,ncrb_BNSS.html,,
sup-000888-284-319,crpc-1973-s284,bnss-2023-s319,crpc-1973,bnss-2023,2024-07-01,maps_to,,ncrb_BNSS.html,,
sup-000889-285-320,crpc-1973-s285,bnss-2023-s320,crpc-1973,bnss-2023,2024-07-01,maps_to,,ncrb_BNSS.html,,
sup-000890-286-321,crpc-1973-s286,bnss-2023-s321,crpc-1973,bnss-2023,2024-07-01,maps_to,,ncrb_BNSS.html,,
sup-000891-287-322,crpc-1973-s287,bnss-2023-s322,crpc-1973,bnss-2023,2024-07-01,maps_to,,ncrb_BNSS.html,,
sup-000892-288-323,crpc-1973-s288,bnss-2023-s323,crpc-1973,bnss-2023,2024-07-01,maps_to,,ncrb_BNSS.html,,
sup-000893-289-324,crpc-1973-s289,bnss-2023-s324,crpc-1973,bnss-2023,2024-07-01,maps_to,,ncrb_BNSS.html,,
sup-000894-290-325,crpc-1973-s290,bnss-2023-s325,crpc-1973,bnss-2023,2024-07-01,maps_to,,ncrb_BNSS.html,,
sup-000895-291-326,crpc-1973-s291,bnss-2023-s326,crpc-1973,bnss-2023,2024-07-01,maps_to,,ncrb_BNSS.html,,
sup-000896-291A-327,crpc-1973-s291A,bnss-2023-s327,crpc-1973,bnss-2023,2024-07-01,maps_to,,ncrb_BNSS.html,,
sup-000897-292-328,crpc-1973-s292,bnss-2023-s328,crpc-1973,bnss-2023,2024-07-01,maps_to,,ncrb_BNSS.html,,
sup-000898-293-329,crpc-1973-s293,bnss-2023-s329,crpc-1973,bnss-2023,2024-07-01,maps_to,,ncrb_BNSS.html,,
sup-000899-294-330,crpc-1973-s294,bnss-2023-s330,crpc-1973,bnss-2023,2024-07-01,maps_to,,ncrb_BNSS.html,,
sup-000900-295-331,crpc-1973-s295,bnss-2023-s331,crpc-1973,bnss-2023,2024-07-01,maps_to,,ncrb_BNSS.html,,
sup-000901-296-332,crpc-1973-s296,bnss-2023-s332,crpc-1973,bnss-2023,2024-07-01,maps_to,,ncrb_BNSS.html,,
sup-000902-297-333,crpc-1973-s297,bnss-2023-s333,crpc-1973,bnss-2023,2024-07-01,maps_to,,ncrb_BNSS.html,,
sup-000903-298-334,crpc-1973-s298,bnss-2023-s334,crpc-1973,bnss-2023,2024-07-01,maps_to,,ncrb_BNSS.html,,
sup-000904-299-335,crpc-1973-s299,bnss-2023-s335,crpc-1973,bnss-2023,2024-07-01,maps_to,,ncrb_BNSS.html,,
sup-000906-300-337,crpc-1973-s300,bnss-2023-s337,crpc-1973,bnss-2023,2024-07-01,maps_to,,ncrb_BNSS.html,,
sup-000907-301-338,crpc-1973-s301,bnss-2023-s338,crpc-1973,bnss-2023,2024-07-01,maps_to,,ncrb_BNSS.html,,
sup-000908-302-339,crpc-1973-s302,bnss-2023-s339,crpc-1973,bnss-2023,2024-07-01,maps_to,,ncrb_BNSS.html,,
sup-000909-303-340,crpc-1973-s303,bnss-2023-s340,crpc-1973,bnss-2023,2024-07-01,maps_to,,ncrb_BNSS.html,,
sup-000910-304-341,crpc-1973-s304,bnss-2023-s341,crpc-1973,bnss-2023,2024-07-01,maps_to,,ncrb_BNSS.html,,
sup-000911-305-342,crpc-1973-s305,bnss-2023-s342,crpc-1973,bnss-2023,2024-07-01,maps_to,,ncrb_BNSS.html,,
sup-000912-306-343,crpc-1973-s306,bnss-2023-s343,crpc-1973,bnss-2023,2024-07-01,maps_to,,ncrb_BNSS.html,,
sup-000913-307-344,crpc-1973-s307,bnss-2023-s344,crpc-1973,bnss-2023,2024-07-01,maps_to,,ncrb_BNSS.html,,
sup-000914-308-345,crpc-1973-s308,bnss-2023-s345,crpc-1973,bnss-2023,2024-07-01,maps_to,,ncrb_BNSS.html,,
sup-000915-309-346,crpc-1973-s309,bnss-2023-s346,crpc-1973,bnss-2023,2024-07-01,maps_to,,ncrb_BNSS.html,,
sup-000916-310-347,crpc-1973-s310,bnss-2023-s347,crpc-1973,bnss-2023,2024-07-01,maps_to,,ncrb_BNSS.html,,
sup-000917-311-348,crpc-1973-s311,bnss-2023-s348,crpc-1973,bnss-2023,2024-07-01,maps_to,,ncrb_BNSS.html,,
sup-000918-311A-349,crpc-1973-s311A,bnss-2023-s349,crpc-1973,bnss-2023,2024-07-01,maps_to,,ncrb_BNSS.html,,
sup-000919-312-350,crpc-1973-s312,bnss-2023-s350,crpc-1973,bnss-2023,2024-07-01,maps_to,,ncrb_BNSS.html,,
sup-000920-313-351,crpc-1973-s313,bnss-2023-s351,crpc-1973,bnss-2023,2024-07-01,maps_to,,ncrb_BNSS.html,,
sup-000921-314-352,crpc-1973-s314,bnss-2023-s352,crpc-1973,bnss-2023,2024-07-01,maps_to,,ncrb_BNSS.html,,
sup-000922-315-353,crpc-1973-s315,bnss-2023-s353,crpc-1973,bnss-2023,2024-07-01,maps_to,,ncrb_BNSS.html,,
sup-000923-316-354,crpc-1973-s316,bnss-2023-s354,crpc-1973,bnss-2023,2024-07-01,maps_to,,ncrb_BNSS.html,,
sup-000924-317-355,crpc-1973-s317,bnss-2023-s355,crpc-1973,bnss-2023,2024-07-01,maps_to,,ncrb_BNSS.html,,
sup-000926-318-357,crpc-1973-s318,bnss-2023-s357,crpc-1973,bnss-2023,2024-07-01,maps_to,,ncrb_BNSS.html,,
sup-000927-319-358,crpc-1973-s319,bnss-2023-s358,crpc-1973,bnss-2023,2024-07-01,maps_to,,ncrb_BNSS.html,,
sup-000928-320-359,crpc-1973-s320,bnss-2023-s359,crpc-1973,bnss-2023,2024-07-01,maps_to,,ncrb_BNSS.html,,
sup-000929-321-360,crpc-1973-s321,bnss-2023-s360,crpc-1973,bnss-2023,2024-07-01,maps_to,,ncrb_BNSS.html,,
sup-000930-322-361,crpc-1973-s322,bnss-2023-s361,crpc-1973,bnss-2023,2024-07-01,maps_to,,ncrb_BNSS.html,,
sup-000931-323-362,crpc-1973-s323,bnss-2023-s362,crpc-1973,bnss-2023,2024-07-01,maps_to,,ncrb_BNSS.html,,
sup-000932-324-363,crpc-1973-s324,bnss-2023-s363,crpc-1973,bnss-2023,2024-07-01,maps_to,,ncrb_BNSS.html,,
sup-000933-325-364,crpc-1973-s325,bnss-2023-s364,crpc-1973,bnss-2023,2024-07-01,maps_to,,ncrb_BNSS.html,,
sup-000934-326-365,crpc-1973-s326,bnss-2023-s365,crpc-1973,bnss-2023,2024-07-01,maps_to,,ncrb_BNSS.html,,
sup-000935-327-366,crpc-1973-s327,bnss-2023-s366,crpc-1973,bnss-2023,2024-07-01,maps_to,,ncrb_BNSS.html,,
sup-000936-328-367,crpc-1973-s328,bnss-2023-s367,crpc-1973,bnss-2023,2024-07-01,maps_to,,ncrb_BNSS.html,,
sup-000937-329-368,crpc-1973-s329,bnss-2023-s368,crpc-1973,bnss-2023,2024-07-01,maps_to,,ncrb_BNSS.html,,
sup-000938-330-369,crpc-1973-s330,bnss-2023-s369,crpc-1973,bnss-2023,2024-07-01,maps_to,,ncrb_BNSS.html,,
sup-000939-331-370,crpc-1973-s331,bnss-2023-s370,crpc-1973,bnss-2023,2024-07-01,maps_to,,ncrb_BNSS.html,,
sup-000940-332-371,crpc-1973-s332,bnss-2023-s371,crpc-1973,bnss-2023,2024-07-01,maps_to,,ncrb_BNSS.html,,
sup-000941-333-372,crpc-1973-s333,bnss-2023-s372,crpc-1973,bnss-2023,2024-07-01,maps_to,,ncrb_BNSS.html,,
sup-000942-334-373,crpc-1973-s334,bnss-2023-s373,crpc-1973,bnss-2023,2024-07-01,maps_to,,ncrb_BNSS.html,,
sup-000943-335-374,crpc-1973-s335,bnss-2023-s374,crpc-1973,bnss-2023,2024-07-01,maps_to,,ncrb_BNSS.html,,
sup-000944-336-375,crpc-1973-s336,bnss-2023-s375,crpc-1973,bnss-2023,2024-07-01,maps_to,,ncrb_BNSS.html,,
sup-000945-337-376,crpc-1973-s337,bnss-2023-s376,crpc-1973,bnss-2023,2024-07-01,maps_to,,ncrb_BNSS.html,,
sup-000946-338-377,crpc-1973-s338,bnss-2023-s377,crpc-1973,bnss-2023,2024-07-01,maps_to,,ncrb_BNSS.html,,
sup-000947-339-378,crpc-1973-s339,bnss-2023-s378,crpc-1973,bnss-2023,2024-07-01,maps_to,,ncrb_BNSS.html,,
sup-000948-340-379,crpc-1973-s340,bnss-2023-s379,crpc-1973,bnss-2023,2024-07-01,maps_to,,ncrb_BNSS.html,,
sup-000949-341-380,crpc-1973-s341,bnss-2023-s380,crpc-1973,bnss-2023,2024-07-01,maps_to,,ncrb_BNSS.html,,
sup-000950-342-381,crpc-1973-s342,bnss-2023-s381,crpc-1973,bnss-2023,2024-07-01,maps_to,,ncrb_BNSS.html,,
sup-000951-343-382,crpc-1973-s343,bnss-2023-s382,crpc-1973,bnss-2023,2024-07-01,maps_to,,ncrb_BNSS.html,,
sup-000952-344-383,crpc-1973-s344,bnss-2023-s383,crpc-1973,bnss-2023,2024-07-01,maps_to,,ncrb_BNSS.html,,
sup-000953-345-384,crpc-1973-s345,bnss-2023-s384,crpc-1973,bnss-2023,2024-07-01,maps_to,,ncrb_BNSS.html,,
sup-000954-346-385,crpc-1973-s346,bnss-2023-s385,crpc-1973,bnss-2023,2024-07-01,maps_to,,ncrb_BNSS.html,,
sup-000955-347-386,crpc-1973-s347,bnss-2023-s386,crpc-1973,bnss-2023,2024-07-01,maps_to,,ncrb_BNSS.html,,
sup-000956-348-387,crpc-1973-s348,bnss-2023-s387,crpc-1973,bnss-2023,2024-07-01,maps_to,,ncrb_BNSS.html,,
sup-000957-349-388,crpc-1973-s349,bnss-2023-s388,crpc-1973,bnss-2023,2024-07-01,maps_to,,ncrb_BNSS.html,,
sup-000958-350-389,crpc-1973-s350,bnss-2023-s389,crpc-1973,bnss-2023,2024-07-01,maps_to,,ncrb_BNSS.html,,
sup-000959-351-390,crpc-1973-s351,bnss-2023-s390,crpc-1973,bnss-2023,2024-07-01,maps_to,,ncrb_BNSS.html,,
sup-000959-351-389,crpc-1973-s351,bnss-2023-s389,crpc-1973,bnss-2023,2024-07-01,maps_to,,ncrb_BNSS.html,,
sup-000959-350-390,crpc-1973-s350,bnss-2023-s390,crpc-1973,bnss-2023,2024-07-01,maps_to,,ncrb_BNSS.html,,
sup-000960-352-391,crpc-1973-s352,bnss-2023-s391,crpc-1973,bnss-2023,2024-07-01,maps_to,,ncrb_BNSS.html,,
sup-000961-353-392,crpc-1973-s353,bnss-2023-s392,crpc-1973,bnss-2023,2024-07-01,maps_to,,ncrb_BNSS.html,,
sup-000962-354-393,crpc-1973-s354,bnss-2023-s393,crpc-1973,bnss-2023,2024-07-01,maps_to,,ncrb_BNSS.html,,
sup-000963-355,crpc-1973-s355,,crpc-1973,,2024-07-01,repealed_no_successor,repealed 2024-07-01; no corresponding provision,ncrb_BNSS.html,,
sup-000964-356-394,crpc-1973-s356,bnss-2023-s394,crpc-1973,bnss-2023,2024-07-01,maps_to,,ncrb_BNSS.html,,
sup-000965-357-395,crpc-1973-s357,bnss-2023-s395,crpc-1973,bnss-2023,2024-07-01,maps_to,,ncrb_BNSS.html,,
sup-000966-357A-396,crpc-1973-s357A,bnss-2023-s396,crpc-1973,bnss-2023,2024-07-01,maps_to,,ncrb_BNSS.html,,
sup-000967-357B-396,crpc-1973-s357B,bnss-2023-s396,crpc-1973,bnss-2023,2024-07-01,maps_to,,ncrb_BNSS.html,,
sup-000968-357C-397,crpc-1973-s357C,bnss-2023-s397,crpc-1973,bnss-2023,2024-07-01,maps_to,,ncrb_BNSS.html,,
sup-000970-358-399,crpc-1973-s358,bnss-2023-s399,crpc-1973,bnss-2023,2024-07-01,maps_to,,ncrb_BNSS.html,,
sup-000971-359-400,crpc-1973-s359,bnss-2023-s400,crpc-1973,bnss-2023,2024-07-01,maps_to,,ncrb_BNSS.html,,
sup-000972-360-401,crpc-1973-s360,bnss-2023-s401,crpc-1973,bnss-2023,2024-07-01,maps_to,,ncrb_BNSS.html,,
sup-000973-361-402,crpc-1973-s361,bnss-2023-s402,crpc-1973,bnss-2023,2024-07-01,maps_to,,ncrb_BNSS.html,,
sup-000974-362-403,crpc-1973-s362,bnss-2023-s403,crpc-1973,bnss-2023,2024-07-01,maps_to,,ncrb_BNSS.html,,
sup-000975-363-404,crpc-1973-s363,bnss-2023-s404,crpc-1973,bnss-2023,2024-07-01,maps_to,,ncrb_BNSS.html,,
sup-000976-364-405,crpc-1973-s364,bnss-2023-s405,crpc-1973,bnss-2023,2024-07-01,maps_to,,ncrb_BNSS.html,,
sup-000977-365-406,crpc-1973-s365,bnss-2023-s406,crpc-1973,bnss-2023,2024-07-01,maps_to,,ncrb_BNSS.html,,
sup-000978-366-407,crpc-1973-s366,bnss-2023-s407,crpc-1973,bnss-2023,2024-07-01,maps_to,,ncrb_BNSS.html,,
sup-000979-367-408,crpc-1973-s367,bnss-2023-s408,crpc-1973,bnss-2023,2024-07-01,maps_to,,ncrb_BNSS.html,,
sup-000980-368-409,crpc-1973-s368,bnss-2023-s409,crpc-1973,bnss-2023,2024-07-01,maps_to,,ncrb_BNSS.html,,
sup-000981-369-410,crpc-1973-s369,bnss-2023-s410,crpc-1973,bnss-2023,2024-07-01,maps_to,,ncrb_BNSS.html,,
sup-000982-370-411,crpc-1973-s370,bnss-2023-s411,crpc-1973,bnss-2023,2024-07-01,maps_to,,ncrb_BNSS.html,,
sup-000983-371-412,crpc-1973-s371,bnss-2023-s412,crpc-1973,bnss-2023,2024-07-01,maps_to,,ncrb_BNSS.html,,
sup-000984-372-413,crpc-1973-s372,bnss-2023-s413,crpc-1973,bnss-2023,2024-07-01,maps_to,,ncrb_BNSS.html,,
sup-000985-373-414,crpc-1973-s373,bnss-2023-s414,crpc-1973,bnss-2023,2024-07-01,maps_to,,ncrb_BNSS.html,,
sup-000986-374-415,crpc-1973-s374,bnss-2023-s415,crpc-1973,bnss-2023,2024-07-01,maps_to,,ncrb_BNSS.html,,
sup-000987-375-416,crpc-1973-s375,bnss-2023-s416,crpc-1973,bnss-2023,2024-07-01,maps_to,,ncrb_BNSS.html,,
sup-000988-376-417,crpc-1973-s376,bnss-2023-s417,crpc-1973,bnss-2023,2024-07-01,maps_to,,ncrb_BNSS.html,,
sup-000989-377-418,crpc-1973-s377,bnss-2023-s418,crpc-1973,bnss-2023,2024-07-01,maps_to,,ncrb_BNSS.html,,
sup-000990-378-419,crpc-1973-s378,bnss-2023-s419,crpc-1973,bnss-2023,2024-07-01,maps_to,,ncrb_BNSS.html,,
sup-000991-379-420,crpc-1973-s379,bnss-2023-s420,crpc-1973,bnss-2023,2024-07-01,maps_to,,ncrb_BNSS.html,,
sup-000992-380-421,crpc-1973-s380,bnss-2023-s421,crpc-1973,bnss-2023,2024-07-01,maps_to,,ncrb_BNSS.html,,
sup-000993-381-422,crpc-1973-s381,bnss-2023-s422,crpc-1973,bnss-2023,2024-07-01,maps_to,,ncrb_BNSS.html,,
sup-000994-382-423,crpc-1973-s382,bnss-2023-s423,crpc-1973,bnss-2023,2024-07-01,maps_to,,ncrb_BNSS.html,,
sup-000995-383-424,crpc-1973-s383,bnss-2023-s424,crpc-1973,bnss-2023,2024-07-01,maps_to,,ncrb_BNSS.html,,
sup-000996-384-425,crpc-1973-s384,bnss-2023-s425,crpc-1973,bnss-2023,2024-07-01,maps_to,,ncrb_BNSS.html,,
sup-000997-385-426,crpc-1973-s385,bnss-2023-s426,crpc-1973,bnss-2023,2024-07-01,maps_to,,ncrb_BNSS.html,,
sup-000998-386-427,crpc-1973-s386,bnss-2023-s427,crpc-1973,bnss-2023,2024-07-01,maps_to,,ncrb_BNSS.html,,
sup-000999-387-428,crpc-1973-s387,bnss-2023-s428,crpc-1973,bnss-2023,2024-07-01,maps_to,,ncrb_BNSS.html,,
sup-001000-388-429,crpc-1973-s388,bnss-2023-s429,crpc-1973,bnss-2023,2024-07-01,maps_to,,ncrb_BNSS.html,,
sup-001001-389-430,crpc-1973-s389,bnss-2023-s430,crpc-1973,bnss-2023,2024-07-01,maps_to,,ncrb_BNSS.html,,
sup-001002-390-431,crpc-1973-s390,bnss-2023-s431,crpc-1973,bnss-2023,2024-07-01,maps_to,,ncrb_BNSS.html,,
sup-001003-391-432,crpc-1973-s391,bnss-2023-s432,crpc-1973,bnss-2023,2024-07-01,maps_to,,ncrb_BNSS.html,,
sup-001004-392-433,crpc-1973-s392,bnss-2023-s433,crpc-1973,bnss-2023,2024-07-01,maps_to,,ncrb_BNSS.html,,
sup-001005-393-434,crpc-1973-s393,bnss-2023-s434,crpc-1973,bnss-2023,2024-07-01,maps_to,,ncrb_BNSS.html,,
sup-001006-394-435,crpc-1973-s394,bnss-2023-s435,crpc-1973,bnss-2023,2024-07-01,maps_to,,ncrb_BNSS.html,,
sup-001007-395-436,crpc-1973-s395,bnss-2023-s436,crpc-1973,bnss-2023,2024-07-01,maps_to,,ncrb_BNSS.html,,
sup-001008-396-437,crpc-1973-s396,bnss-2023-s437,crpc-1973,bnss-2023,2024-07-01,maps_to,,ncrb_BNSS.html,,
sup-001009-397-438,crpc-1973-s397,bnss-2023-s438,crpc-1973,bnss-2023,2024-07-01,maps_to,,ncrb_BNSS.html,,
sup-001010-398-439,crpc-1973-s398,bnss-2023-s439,crpc-1973,bnss-2023,2024-07-01,maps_to,,ncrb_BNSS.html,,
sup-001011-399-440,crpc-1973-s399,bnss-2023-s440,crpc-1973,bnss-2023,2024-07-01,maps_to,,ncrb_BNSS.html,,
sup-001012-400-441,crpc-1973-s400,bnss-2023-s441,crpc-1973,bnss-2023,2024-07-01,maps_to,,ncrb_BNSS.html,,
sup-001013-401-442,crpc-1973-s401,bnss-2023-s442,crpc-1973,bnss-2023,2024-07-01,maps_to,,ncrb_BNSS.html,,
sup-001014-402-443,crpc-1973-s402,bnss-2023-s443,crpc-1973,bnss-2023,2024-07-01,maps_to,,ncrb_BNSS.html,,
sup-001015-403-444,crpc-1973-s403,bnss-2023-s444,crpc-1973,bnss-2023,2024-07-01,maps_to,,ncrb_BNSS.html,,
sup-001016-404,crpc-1973-s404,,crpc-1973,,2024-07-01,repealed_no_successor,repealed 2024-07-01; no corresponding provision,ncrb_BNSS.html,,
sup-001017-405-445,crpc-1973-s405,bnss-2023-s445,crpc-1973,bnss-2023,2024-07-01,maps_to,,ncrb_BNSS.html,,
sup-001018-406-446,crpc-1973-s406,bnss-2023-s446,crpc-1973,bnss-2023,2024-07-01,maps_to,,ncrb_BNSS.html,,
sup-001019-407-447,crpc-1973-s407,bnss-2023-s447,crpc-1973,bnss-2023,2024-07-01,maps_to,,ncrb_BNSS.html,,
sup-001020-408-448,crpc-1973-s408,bnss-2023-s448,crpc-1973,bnss-2023,2024-07-01,maps_to,,ncrb_BNSS.html,,
sup-001021-409-449,crpc-1973-s409,bnss-2023-s449,crpc-1973,bnss-2023,2024-07-01,maps_to,,ncrb_BNSS.html,,
sup-001022-410-450,crpc-1973-s410,bnss-2023-s450,crpc-1973,bnss-2023,2024-07-01,maps_to,,ncrb_BNSS.html,,
sup-001023-411-451,crpc-1973-s411,bnss-2023-s451,crpc-1973,bnss-2023,2024-07-01,maps_to,,ncrb_BNSS.html,,
sup-001024-412-452,crpc-1973-s412,bnss-2023-s452,crpc-1973,bnss-2023,2024-07-01,maps_to,,ncrb_BNSS.html,,
sup-001025-413-453,crpc-1973-s413,bnss-2023-s453,crpc-1973,bnss-2023,2024-07-01,maps_to,,ncrb_BNSS.html,,
sup-001026-414-454,crpc-1973-s414,bnss-2023-s454,crpc-1973,bnss-2023,2024-07-01,maps_to,,ncrb_BNSS.html,,
sup-001027-415-455,crpc-1973-s415,bnss-2023-s455,crpc-1973,bnss-2023,2024-07-01,maps_to,,ncrb_BNSS.html,,
sup-001028-416-456,crpc-1973-s416,bnss-2023-s456,crpc-1973,bnss-2023,2024-07-01,maps_to,,ncrb_BNSS.html,,
sup-001029-417-457,crpc-1973-s417,bnss-2023-s457,crpc-1973,bnss-2023,2024-07-01,maps_to,,ncrb_BNSS.html,,
sup-001030-418-458,crpc-1973-s418,bnss-2023-s458,crpc-1973,bnss-2023,2024-07-01,maps_to,,ncrb_BNSS.html,,
sup-001031-419-459,crpc-1973-s419,bnss-2023-s459,crpc-1973,bnss-2023,2024-07-01,maps_to,,ncrb_BNSS.html,,
sup-001032-420-460,crpc-1973-s420,bnss-2023-s460,crpc-1973,bnss-2023,2024-07-01,maps_to,,ncrb_BNSS.html,,
sup-001033-421-461,crpc-1973-s421,bnss-2023-s461,crpc-1973,bnss-2023,2024-07-01,maps_to,,ncrb_BNSS.html,,
sup-001034-422-462,crpc-1973-s422,bnss-2023-s462,crpc-1973,bnss-2023,2024-07-01,maps_to,,ncrb_BNSS.html,,
sup-001035-423-463,crpc-1973-s423,bnss-2023-s463,crpc-1973,bnss-2023,2024-07-01,maps_to,,ncrb_BNSS.html,,
sup-001036-424-464,crpc-1973-s424,bnss-2023-s464,crpc-1973,bnss-2023,2024-07-01,maps_to,,ncrb_BNSS.html,,
sup-001037-425-465,crpc-1973-s425,bnss-2023-s465,crpc-1973,bnss-2023,2024-07-01,maps_to,,ncrb_BNSS.html,,
sup-001038-426-466,crpc-1973-s426,bnss-2023-s466,crpc-1973,bnss-2023,2024-07-01,maps_to,,ncrb_BNSS.html,,
sup-001039-427-467,crpc-1973-s427,bnss-2023-s467,crpc-1973,bnss-2023,2024-07-01,maps_to,,ncrb_BNSS.html,,
sup-001040-428-468,crpc-1973-s428,bnss-2023-s468,crpc-1973,bnss-2023,2024-07-01,maps_to,,ncrb_BNSS.html,,
sup-001041-429-469,crpc-1973-s429,bnss-2023-s469,crpc-1973,bnss-2023,2024-07-01,maps_to,,ncrb_BNSS.html,,
sup-001042-430-470,crpc-1973-s430,bnss-2023-s470,crpc-1973,bnss-2023,2024-07-01,maps_to,,ncrb_BNSS.html,,
sup-001043-431-471,crpc-1973-s431,bnss-2023-s471,crpc-1973,bnss-2023,2024-07-01,maps_to,,ncrb_BNSS.html,,
sup-001045-432-473,crpc-1973-s432,bnss-2023-s473,crpc-1973,bnss-2023,2024-07-01,maps_to,,ncrb_BNSS.html,,
sup-001046-433-474,crpc-1973-s433,bnss-2023-s474,crpc-1973,bnss-2023,2024-07-01,maps_to,,ncrb_BNSS.html,,
sup-001047-433A-475,crpc-1973-s433A,bnss-2023-s475,crpc-1973,bnss-2023,2024-07-01,maps_to,,ncrb_BNSS.html,,
sup-001048-434-476,crpc-1973-s434,bnss-2023-s476,crpc-1973,bnss-2023,2024-07-01,maps_to,,ncrb_BNSS.html,,
sup-001049-435-477,crpc-1973-s435,bnss-2023-s477,crpc-1973,bnss-2023,2024-07-01,maps_to,,ncrb_BNSS.html,,
sup-001050-436-478,crpc-1973-s436,bnss-2023-s478,crpc-1973,bnss-2023,2024-07-01,maps_to,,ncrb_BNSS.html,,
sup-001051-436A-479,crpc-1973-s436A,bnss-2023-s479,crpc-1973,bnss-2023,2024-07-01,maps_to,,ncrb_BNSS.html,,
sup-001052-437-480,crpc-1973-s437,bnss-2023-s480,crpc-1973,bnss-2023,2024-07-01,maps_to,,ncrb_BNSS.html,,
sup-001053-437A-481,crpc-1973-s437A,bnss-2023-s481,crpc-1973,bnss-2023,2024-07-01,maps_to,,ncrb_BNSS.html,,
sup-001054-438-482,crpc-1973-s438,bnss-2023-s482,crpc-1973,bnss-2023,2024-07-01,maps_to,,ncrb_BNSS.html,,
sup-001055-439-483,crpc-1973-s439,bnss-2023-s483,crpc-1973,bnss-2023,2024-07-01,maps_to,,ncrb_BNSS.html,,
sup-001056-440-484,crpc-1973-s440,bnss-2023-s484,crpc-1973,bnss-2023,2024-07-01,maps_to,,ncrb_BNSS.html,,
sup-001057-441-485,crpc-1973-s441,bnss-2023-s485,crpc-1973,bnss-2023,2024-07-01,maps_to,,ncrb_BNSS.html,,
sup-001058-441A-486,crpc-1973-s441A,bnss-2023-s486,crpc-1973,bnss-2023,2024-07-01,maps_to,,ncrb_BNSS.html,,
sup-001059-442-487,crpc-1973-s442,bnss-2023-s487,crpc-1973,bnss-2023,2024-07-01,maps_to,,ncrb_BNSS.html,,
sup-001060-443-488,crpc-1973-s443,bnss-2023-s488,crpc-1973,bnss-2023,2024-07-01,maps_to,,ncrb_BNSS.html,,
sup-001061-444-489,crpc-1973-s444,bnss-2023-s489,crpc-1973,bnss-2023,2024-07-01,maps_to,,ncrb_BNSS.html,,
sup-001062-445-490,crpc-1973-s445,bnss-2023-s490,crpc-1973,bnss-2023,2024-07-01,maps_to,,ncrb_BNSS.html,,
sup-001063-446-491,crpc-1973-s446,bnss-2023-s491,crpc-1973,bnss-2023,2024-07-01,maps_to,,ncrb_BNSS.html,,
sup-001064-446A-492,crpc-1973-s446A,bnss-2023-s492,crpc-1973,bnss-2023,2024-07-01,maps_to,,ncrb_BNSS.html,,
sup-001065-447-493,crpc-1973-s447,bnss-2023-s493,crpc-1973,bnss-2023,2024-07-01,maps_to,,ncrb_BNSS.html,,
sup-001066-448-494,crpc-1973-s448,bnss-2023-s494,crpc-1973,bnss-2023,2024-07-01,maps_to,,ncrb_BNSS.html,,
sup-001067-449-495,crpc-1973-s449,bnss-2023-s495,crpc-1973,bnss-2023,2024-07-01,maps_to,,ncrb_BNSS.html,,
sup-001068-450-496,crpc-1973-s450,bnss-2023-s496,crpc-1973,bnss-2023,2024-07-01,maps_to,,ncrb_BNSS.html,,
sup-001069-451-497,crpc-1973-s451,bnss-2023-s497,crpc-1973,bnss-2023,2024-07-01,maps_to,,ncrb_BNSS.html,,
sup-001074-452-498,crpc-1973-s452,bnss-2023-s498,crpc-1973,bnss-2023,2024-07-01,maps_to,,ncrb_BNSS.html,,
sup-001075-453-499,crpc-1973-s453,bnss-2023-s499,crpc-1973,bnss-2023,2024-07-01,maps_to,,ncrb_BNSS.html,,
sup-001076-454-500,crpc-1973-s454,bnss-2023-s500,crpc-1973,bnss-2023,2024-07-01,maps_to,,ncrb_BNSS.html,,
sup-001077-455-501,crpc-1973-s455,bnss-2023-s501,crpc-1973,bnss-2023,2024-07-01,maps_to,,ncrb_BNSS.html,,
sup-001078-456-502,crpc-1973-s456,bnss-2023-s502,crpc-1973,bnss-2023,2024-07-01,maps_to,,ncrb_BNSS.html,,
sup-001079-457-503,crpc-1973-s457,bnss-2023-s503,crpc-1973,bnss-2023,2024-07-01,maps_to,,ncrb_BNSS.html,,
sup-001080-458-504,crpc-1973-s458,bnss-2023-s504,crpc-1973,bnss-2023,2024-07-01,maps_to,,ncrb_BNSS.html,,
sup-001081-459-505,crpc-1973-s459,bnss-2023-s505,crpc-1973,bnss-2023,2024-07-01,maps_to,,ncrb_BNSS.html,,
sup-001082-460-506,crpc-1973-s460,bnss-2023-s506,crpc-1973,bnss-2023,2024-07-01,maps_to,,ncrb_BNSS.html,,
sup-001083-461-507,crpc-1973-s461,bnss-2023-s507,crpc-1973,bnss-2023,2024-07-01,maps_to,,ncrb_BNSS.html,,
sup-001084-462-508,crpc-1973-s462,bnss-2023-s508,crpc-1973,bnss-2023,2024-07-01,maps_to,,ncrb_BNSS.html,,
sup-001085-463-509,crpc-1973-s463,bnss-2023-s509,crpc-1973,bnss-2023,2024-07-01,maps_to,,ncrb_BNSS.html,,
sup-001086-464-510,crpc-1973-s464,bnss-2023-s510,crpc-1973,bnss-2023,2024-07-01,maps_to,,ncrb_BNSS.html,,
sup-001087-465-511,crpc-1973-s465,bnss-2023-s511,crpc-1973,bnss-2023,2024-07-01,maps_to,,ncrb_BNSS.html,,
sup-001088-466-512,crpc-1973-s466,bnss-2023-s512,crpc-1973,bnss-2023,2024-07-01,maps_to,,ncrb_BNSS.html,,
sup-001089-467-513,crpc-1973-s467,bnss-2023-s513,crpc-1973,bnss-2023,2024-07-01,maps_to,,ncrb_BNSS.html,,
sup-001090-468-514,crpc-1973-s468,bnss-2023-s514,crpc-1973,bnss-2023,2024-07-01,maps_to,,ncrb_BNSS.html,,
sup-001091-469-515,crpc-1973-s469,bnss-2023-s515,crpc-1973,bnss-2023,2024-07-01,maps_to,,ncrb_BNSS.html,,
sup-001092-470-516,crpc-1973-s470,bnss-2023-s516,crpc-1973,bnss-2023,2024-07-01,maps_to,,ncrb_BNSS.html,,
sup-001093-471-517,crpc-1973-s471,bnss-2023-s517,crpc-1973,bnss-2023,2024-07-01,maps_to,,ncrb_BNSS.html,,
sup-001094-472-518,crpc-1973-s472,bnss-2023-s518,crpc-1973,bnss-2023,2024-07-01,maps_to,,ncrb_BNSS.html,,
sup-001095-473-519,crpc-1973-s473,bnss-2023-s519,crpc-1973,bnss-2023,2024-07-01,maps_to,,ncrb_BNSS.html,,
sup-001096-474-520,crpc-1973-s474,bnss-2023-s520,crpc-1973,bnss-2023,2024-07-01,maps_to,,ncrb_BNSS.html,,
sup-001097-475-521,crpc-1973-s475,bnss-2023-s521,crpc-1973,bnss-2023,2024-07-01,maps_to,,ncrb_BNSS.html,,
sup-001098-476-522,crpc-1973-s476,bnss-2023-s522,crpc-1973,bnss-2023,2024-07-01,maps_to,,ncrb_BNSS.html,,
sup-001099-477-523,crpc-1973-s477,bnss-2023-s523,crpc-1973,bnss-2023,2024-07-01,maps_to,,ncrb_BNSS.html,,
sup-001100-478-524,crpc-1973-s478,bnss-2023-s524,crpc-1973,bnss-2023,2024-07-01,maps_to,,ncrb_BNSS.html,,
sup-001101-479-525,crpc-1973-s479,bnss-2023-s525,crpc-1973,bnss-2023,2024-07-01,maps_to,,ncrb_BNSS.html,,
sup-001102-480-526,crpc-1973-s480,bnss-2023-s526,crpc-1973,bnss-2023,2024-07-01,maps_to,,ncrb_BNSS.html,,
sup-001103-481-527,crpc-1973-s481,bnss-2023-s527,crpc-1973,bnss-2023,2024-07-01,maps_to,,ncrb_BNSS.html,,
sup-001104-482-528,crpc-1973-s482,bnss-2023-s528,crpc-1973,bnss-2023,2024-07-01,maps_to,,ncrb_BNSS.html,,
sup-001105-483-529,crpc-1973-s483,bnss-2023-s529,crpc-1973,bnss-2023,2024-07-01,maps_to,,ncrb_BNSS.html,,
sup-001107-484-531,crpc-1973-s484,bnss-2023-s531,crpc-1973,bnss-2023,2024-07-01,maps_to,,ncrb_BNSS.html,,
sup-001108-1-1,iea-1872-s1,bsa-2023-s1,iea-1872,bsa-2023,2024-07-01,maps_to,,ncrb_BSA.html,,
sup-001109-2,iea-1872-s2,,iea-1872,,2024-07-01,repealed_no_successor,repealed 2024-07-01; no corresponding provision,ncrb_BSA.html,,
sup-001110-3-2,iea-1872-s3,bsa-2023-s2,iea-1872,bsa-2023,2024-07-01,maps_to,,ncrb_BSA.html,,
sup-001110-4-2,iea-1872-s4,bsa-2023-s2,iea-1872,bsa-2023,2024-07-01,maps_to,,ncrb_BSA.html,,
sup-001111-5-3,iea-1872-s5,bsa-2023-s3,iea-1872,bsa-2023,2024-07-01,maps_to,,ncrb_BSA.html,,
sup-001112-6-4,iea-1872-s6,bsa-2023-s4,iea-1872,bsa-2023,2024-07-01,maps_to,,ncrb_BSA.html,,
sup-001113-7-5,iea-1872-s7,bsa-2023-s5,iea-1872,bsa-2023,2024-07-01,maps_to,,ncrb_BSA.html,,
sup-001114-8-6,iea-1872-s8,bsa-2023-s6,iea-1872,bsa-2023,2024-07-01,maps_to,,ncrb_BSA.html,,
sup-001115-9-7,iea-1872-s9,bsa-2023-s7,iea-1872,bsa-2023,2024-07-01,maps_to,,ncrb_BSA.html,,
sup-001116-10-8,iea-1872-s10,bsa-2023-s8,iea-1872,bsa-2023,2024-07-01,maps_to,,ncrb_BSA.html,,
sup-001117-11-9,iea-1872-s11,bsa-2023-s9,iea-1872,bsa-2023,2024-07-01,maps_to,,ncrb_BSA.html,,
sup-001118-12-10,iea-1872-s12,bsa-2023-s10,iea-1872,bsa-2023,2024-07-01,maps_to,,ncrb_BSA.html,,
sup-001119-13-11,iea-1872-s13,bsa-2023-s11,iea-1872,bsa-2023,2024-07-01,maps_to,,ncrb_BSA.html,,
sup-001120-14-12,iea-1872-s14,bsa-2023-s12,iea-1872,bsa-2023,2024-07-01,maps_to,,ncrb_BSA.html,,
sup-001121-15-13,iea-1872-s15,bsa-2023-s13,iea-1872,bsa-2023,2024-07-01,maps_to,,ncrb_BSA.html,,
sup-001122-16-14,iea-1872-s16,bsa-2023-s14,iea-1872,bsa-2023,2024-07-01,maps_to,,ncrb_BSA.html,,
sup-001123-17-15,iea-1872-s17,bsa-2023-s15,iea-1872,bsa-2023,2024-07-01,maps_to,,ncrb_BSA.html,,
sup-001124-18-16,iea-1872-s18,bsa-2023-s16,iea-1872,bsa-2023,2024-07-01,maps_to,,ncrb_BSA.html,,
sup-001125-19-17,iea-1872-s19,bsa-2023-s17,iea-1872,bsa-2023,2024-07-01,maps_to,,ncrb_BSA.html,,
sup-001126-20-18,iea-1872-s20,bsa-2023-s18,iea-1872,bsa-2023,2024-07-01,maps_to,,ncrb_BSA.html,,
sup-001127-21-19,iea-1872-s21,bsa-2023-s19,iea-1872,bsa-2023,2024-07-01,maps_to,,ncrb_BSA.html,,
sup-001128-22-20,iea-1872-s22,bsa-2023-s20,iea-1872,bsa-2023,2024-07-01,maps_to,,ncrb_BSA.html,,
sup-001129-22A,iea-1872-s22A,,iea-1872,,2024-07-01,repealed_no_successor,repealed 2024-07-01; no corresponding provision,ncrb_BSA.html,,
sup-001130-23-21,iea-1872-s23,bsa-2023-s21,iea-1872,bsa-2023,2024-07-01,maps_to,,ncrb_BSA.html,,
sup-001131-24-22,iea-1872-s24,bsa-2023-s22,iea-1872,bsa-2023,2024-07-01,maps_to,,ncrb_BSA.html,,
sup-001132-28-22,iea-1872-s28,bsa-2023-s22,iea-1872,bsa-2023,2024-07-01,maps_to,,ncrb_BSA.html,,
sup-001133-29-22,iea-1872-s29,bsa-2023-s22,iea-1872,bsa-2023,2024-07-01,maps_to,,ncrb_BSA.html,,
sup-001134-25-23,iea-1872-s25,bsa-2023-s23,iea-1872,bsa-2023,2024-07-01,maps_to,,ncrb_BSA.html,,
sup-001135-26-23,iea-1872-s26,bsa-2023-s23,iea-1872,bsa-2023,2024-07-01,maps_to,,ncrb_BSA.html,,
sup-001136-27-23,iea-1872-s27,bsa-2023-s23,iea-1872,bsa-2023,2024-07-01,maps_to,,ncrb_BSA.html,,
sup-001137-30-24,iea-1872-s30,bsa-2023-s24,iea-1872,bsa-2023,2024-07-01,maps_to,,ncrb_BSA.html,,
sup-001138-31-25,iea-1872-s31,bsa-2023-s25,iea-1872,bsa-2023,2024-07-01,maps_to,,ncrb_BSA.html,,
sup-001139-32-26,iea-1872-s32,bsa-2023-s26,iea-1872,bsa-2023,2024-07-01,maps_to,,ncrb_BSA.html,,
sup-001140-33-27,iea-1872-s33,bsa-2023-s27,iea-1872,bsa-2023,2024-07-01,maps_to,,ncrb_BSA.html,,
sup-001141-34-28,iea-1872-s34,bsa-2023-s28,iea-1872,bsa-2023,2024-07-01,maps_to,,ncrb_BSA.html,,
sup-001142-35-29,iea-1872-s35,bsa-2023-s29,iea-1872,bsa-2023,2024-07-01,maps_to,,ncrb_BSA.html,,
sup-001143-36-30,iea-1872-s36,bsa-2023-s30,iea-1872,bsa-2023,2024-07-01,maps_to,,ncrb_BSA.html,,
sup-001144-37-31,iea-1872-s37,bsa-2023-s31,iea-1872,bsa-2023,2024-07-01,maps_to,,ncrb_BSA.html,,
sup-001145-38-32,iea-1872-s38,bsa-2023-s32,iea-1872,bsa-2023,2024-07-01,maps_to,,ncrb_BSA.html,,
sup-001146-39-33,iea-1872-s39,bsa-2023-s33,iea-1872,bsa-2023,2024-07-01,maps_to,,ncrb_BSA.html,,
sup-001147-40-34,iea-1872-s40,bsa-2023-s34,iea-1872,bsa-2023,2024-07-01,maps_to,,ncrb_BSA.html,,
sup-001148-41-35,iea-1872-s41,bsa-2023-s35,iea-1872,bsa-2023,2024-07-01,maps_to,,ncrb_BSA.html,,
sup-001149-42-36,iea-1872-s42,bsa-2023-s36,iea-1872,bsa-2023,2024-07-01,maps_to,,ncrb_BSA.html,,
sup-001150-43-37,iea-1872-s43,bsa-2023-s37,iea-1872,bsa-2023,2024-07-01,maps_to,,ncrb_BSA.html,,
sup-001151-44-38,iea-1872-s44,bsa-2023-s38,iea-1872,bsa-2023,2024-07-01,maps_to,,ncrb_BSA.html,,
sup-001152-45-39,iea-1872-s45,bsa-2023-s39,iea-1872,bsa-2023,2024-07-01,maps_to,,ncrb_BSA.html,,
sup-001153-45A-39,iea-1872-s45A,bsa-2023-s39,iea-1872,bsa-2023,2024-07-01,maps_to,,ncrb_BSA.html,,
sup-001154-46-40,iea-1872-s46,bsa-2023-s40,iea-1872,bsa-2023,2024-07-01,maps_to,,ncrb_BSA.html,,
sup-001155-47-41,iea-1872-s47,bsa-2023-s41,iea-1872,bsa-2023,2024-07-01,maps_to,,ncrb_BSA.html,,
sup-001156-47A-41,iea-1872-s47A,bsa-2023-s41,iea-1872,bsa-2023,2024-07-01,maps_to,,ncrb_BSA.html,,
sup-001157-48-42,iea-1872-s48,bsa-2023-s42,iea-1872,bsa-2023,2024-07-01,maps_to,,ncrb_BSA.html,,
sup-001158-49-43,iea-1872-s49,bsa-2023-s43,iea-1872,bsa-2023,2024-07-01,maps_to,,ncrb_BSA.html,,
sup-001159-50-44,iea-1872-s50,bsa-2023-s44,iea-1872,bsa-2023,2024-07-01,maps_to,,ncrb_BSA.html,,
sup-001160-51-45,iea-1872-s51,bsa-2023-s45,iea-1872,bsa-2023,2024-07-01,maps_to,,ncrb_BSA.html,,
sup-001161-52-46,iea-1872-s52,bsa-2023-s46,iea-1872,bsa-2023,2024-07-01,maps_to,,ncrb_BSA.html,,
sup-001162-53-47,iea-1872-s53,bsa-2023-s47,iea-1872,bsa-2023,2024-07-01,maps_to,,ncrb_BSA.html,,
sup-001163-53A-48,iea-1872-s53A,bsa-2023-s48,iea-1872,bsa-2023,2024-07-01,maps_to,,ncrb_BSA.html,,
sup-001164-54-49,iea-1872-s54,bsa-2023-s49,iea-1872,bsa-2023,2024-07-01,maps_to,,ncrb_BSA.html,,
sup-001165-55-50,iea-1872-s55,bsa-2023-s50,iea-1872,bsa-2023,2024-07-01,maps_to,,ncrb_BSA.html,,
sup-001166-56-51,iea-1872-s56,bsa-2023-s51,iea-1872,bsa-2023,2024-07-01,maps_to,,ncrb_BSA.html,,
sup-001167-57-52,iea-1872-s57,bsa-2023-s52,iea-1872,bsa-2023,2024-07-01,maps_to,,ncrb_BSA.html,,
sup-001168-58-53,iea-1872-s58,bsa-2023-s53,iea-1872,bsa-2023,2024-07-01,maps_to,,ncrb_BSA.html,,
sup-001169-59-54,iea-1872-s59,bsa-2023-s54,iea-1872,bsa-2023,2024-07-01,maps_to,,ncrb_BSA.html,,
sup-001170-60-55,iea-1872-s60,bsa-2023-s55,iea-1872,bsa-2023,2024-07-01,maps_to,,ncrb_BSA.html,,
sup-001171-61-56,iea-1872-s61,bsa-2023-s56,iea-1872,bsa-2023,2024-07-01,maps_to,,ncrb_BSA.html,,
sup-001172-62-57,iea-1872-s62,bsa-2023-s57,iea-1872,bsa-2023,2024-07-01,maps_to,,ncrb_BSA.html,,
sup-001173-63-58,iea-1872-s63,bsa-2023-s58,iea-1872,bsa-2023,2024-07-01,maps_to,,ncrb_BSA.html,,
sup-001174-64-59,iea-1872-s64,bsa-2023-s59,iea-1872,bsa-2023,2024-07-01,maps_to,,ncrb_BSA.html,,
sup-001175-65-60,iea-1872-s65,bsa-2023-s60,iea-1872,bsa-2023,2024-07-01,maps_to,,ncrb_BSA.html,,
sup-001177-65A-62,iea-1872-s65A,bsa-2023-s62,iea-1872,bsa-2023,2024-07-01,maps_to,,ncrb_BSA.html,,
sup-001178-65B-63,iea-1872-s65B,bsa-2023-s63,iea-1872,bsa-2023,2024-07-01,maps_to,,ncrb_BSA.html,,
sup-001179-66-64,iea-1872-s66,bsa-2023-s64,iea-1872,bsa-2023,2024-07-01,maps_to,,ncrb_BSA.html,,
sup-001180-67-65,iea-1872-s67,bsa-2023-s65,iea-1872,bsa-2023,2024-07-01,maps_to,,ncrb_BSA.html,,
sup-001181-67A-66,iea-1872-s67A,bsa-2023-s66,iea-1872,bsa-2023,2024-07-01,maps_to,,ncrb_BSA.html,,
sup-001182-68-67,iea-1872-s68,bsa-2023-s67,iea-1872,bsa-2023,2024-07-01,maps_to,,ncrb_BSA.html,,
sup-001183-69-68,iea-1872-s69,bsa-2023-s68,iea-1872,bsa-2023,2024-07-01,maps_to,,ncrb_BSA.html,,
sup-001184-70-69,iea-1872-s70,bsa-2023-s69,iea-1872,bsa-2023,2024-07-01,maps_to,,ncrb_BSA.html,,
sup-001185-71-70,iea-1872-s71,bsa-2023-s70,iea-1872,bsa-2023,2024-07-01,maps_to,,ncrb_BSA.html,,
sup-001186-72-71,iea-1872-s72,bsa-2023-s71,iea-1872,bsa-2023,2024-07-01,maps_to,,ncrb_BSA.html,,
sup-001187-73-72,iea-1872-s73,bsa-2023-s72,iea-1872,bsa-2023,2024-07-01,maps_to,,ncrb_BSA.html,,
sup-001188-73A-73,iea-1872-s73A,bsa-2023-s73,iea-1872,bsa-2023,2024-07-01,maps_to,,ncrb_BSA.html,,
sup-001189-74-74,iea-1872-s74,bsa-2023-s74,iea-1872,bsa-2023,2024-07-01,maps_to,,ncrb_BSA.html,,
sup-001190-75-74,iea-1872-s75,bsa-2023-s74,iea-1872,bsa-2023,2024-07-01,maps_to,,ncrb_BSA.html,,
sup-001191-76-75,iea-1872-s76,bsa-2023-s75,iea-1872,bsa-2023,2024-07-01,maps_to,,ncrb_BSA.html,,
sup-001192-77-76,iea-1872-s77,bsa-2023-s76,iea-1872,bsa-2023,2024-07-01,maps_to,,ncrb_BSA.html,,
sup-001193-78-77,iea-1872-s78,bsa-2023-s77,iea-1872,bsa-2023,2024-07-01,maps_to,,ncrb_BSA.html,,
sup-001194-79-78,iea-1872-s79,bsa-2023-s78,iea-1872,bsa-2023,2024-07-01,maps_to,,ncrb_BSA.html,,
sup-001195-80-79,iea-1872-s80,bsa-2023-s79,iea-1872,bsa-2023,2024-07-01,maps_to,,ncrb_BSA.html,,
sup-001196-81-80,iea-1872-s81,bsa-2023-s80,iea-1872,bsa-2023,2024-07-01,maps_to,,ncrb_BSA.html,,
sup-001197-81A-81,iea-1872-s81A,bsa-2023-s81,iea-1872,bsa-2023,2024-07-01,maps_to,,ncrb_BSA.html,,
sup-001198-82,iea-1872-s82,,iea-1872,,2024-07-01,repealed_no_successor,repealed 2024-07-01; no corresponding provision,ncrb_BSA.html,,
sup-001199-83-82,iea-1872-s83,bsa-2023-s82,iea-1872,bsa-2023,2024-07-01,maps_to,,ncrb_BSA.html,,
sup-001200-84-83,iea-1872-s84,bsa-2023-s83,iea-1872,bsa-2023,2024-07-01,maps_to,,ncrb_BSA.html,,
sup-001201-85-84,iea-1872-s85,bsa-2023-s84,iea-1872,bsa-2023,2024-07-01,maps_to,,ncrb_BSA.html,,
sup-001202-85A-85,iea-1872-s85A,bsa-2023-s85,iea-1872,bsa-2023,2024-07-01,maps_to,,ncrb_BSA.html,,
sup-001203-85B-86,iea-1872-s85B,bsa-2023-s86,iea-1872,bsa-2023,2024-07-01,maps_to,,ncrb_BSA.html,,
sup-001204-85C-87,iea-1872-s85C,bsa-2023-s87,iea-1872,bsa-2023,2024-07-01,maps_to,,ncrb_BSA.html,,
sup-001205-86-88,iea-1872-s86,bsa-2023-s88,iea-1872,bsa-2023,2024-07-01,maps_to,,ncrb_BSA.html,,
sup-001206-87-89,iea-1872-s87,bsa-2023-s89,iea-1872,bsa-2023,2024-07-01,maps_to,,ncrb_BSA.html,,
sup-001207-88,iea-1872-s88,,iea-1872,,2024-07-01,repealed_no_successor,repealed 2024-07-01; no corresponding provision,ncrb_BSA.html,,
sup-001208-88A-90,iea-1872-s88A,bsa-2023-s90,iea-1872,bsa-2023,2024-07-01,maps_to,,ncrb_BSA.html,,
sup-001209-89-91,iea-1872-s89,bsa-2023-s91,iea-1872,bsa-2023,2024-07-01,maps_to,,ncrb_BSA.html,,
sup-001210-90-92,iea-1872-s90,bsa-2023-s92,iea-1872,bsa-2023,2024-07-01,maps_to,,ncrb_BSA.html,,
sup-001211-90A-93,iea-1872-s90A,bsa-2023-s93,iea-1872,bsa-2023,2024-07-01,maps_to,,ncrb_BSA.html,,
sup-001212-91-94,iea-1872-s91,bsa-2023-s94,iea-1872,bsa-2023,2024-07-01,maps_to,,ncrb_BSA.html,,
sup-001213-92-95,iea-1872-s92,bsa-2023-s95,iea-1872,bsa-2023,2024-07-01,maps_to,,ncrb_BSA.html,,
sup-001214-93-96,iea-1872-s93,bsa-2023-s96,iea-1872,bsa-2023,2024-07-01,maps_to,,ncrb_BSA.html,,
sup-001215-94-97,iea-1872-s94,bsa-2023-s97,iea-1872,bsa-2023,2024-07-01,maps_to,,ncrb_BSA.html,,
sup-001216-95-98,iea-1872-s95,bsa-2023-s98,iea-1872,bsa-2023,2024-07-01,maps_to,,ncrb_BSA.html,,
sup-001217-96-99,iea-1872-s96,bsa-2023-s99,iea-1872,bsa-2023,2024-07-01,maps_to,,ncrb_BSA.html,,
sup-001218-97-100,iea-1872-s97,bsa-2023-s100,iea-1872,bsa-2023,2024-07-01,maps_to,,ncrb_BSA.html,,
sup-001219-98-101,iea-1872-s98,bsa-2023-s101,iea-1872,bsa-2023,2024-07-01,maps_to,,ncrb_BSA.html,,
sup-001220-99-102,iea-1872-s99,bsa-2023-s102,iea-1872,bsa-2023,2024-07-01,maps_to,,ncrb_BSA.html,,
sup-001221-100-103,iea-1872-s100,bsa-2023-s103,iea-1872,bsa-2023,2024-07-01,maps_to,,ncrb_BSA.html,,
sup-001222-101-104,iea-1872-s101,bsa-2023-s104,iea-1872,bsa-2023,2024-07-01,maps_to,,ncrb_BSA.html,,
sup-001223-102-105,iea-1872-s102,bsa-2023-s105,iea-1872,bsa-2023,2024-07-01,maps_to,,ncrb_BSA.html,,
sup-001224-103-106,iea-1872-s103,bsa-2023-s106,iea-1872,bsa-2023,2024-07-01,maps_to,,ncrb_BSA.html,,
sup-001225-104-107,iea-1872-s104,bsa-2023-s107,iea-1872,bsa-2023,2024-07-01,maps_to,,ncrb_BSA.html,,
sup-001226-105-108,iea-1872-s105,bsa-2023-s108,iea-1872,bsa-2023,2024-07-01,maps_to,,ncrb_BSA.html,,
sup-001227-106-109,iea-1872-s106,bsa-2023-s109,iea-1872,bsa-2023,2024-07-01,maps_to,,ncrb_BSA.html,,
sup-001228-107-110,iea-1872-s107,bsa-2023-s110,iea-1872,bsa-2023,2024-07-01,maps_to,,ncrb_BSA.html,,
sup-001229-108-111,iea-1872-s108,bsa-2023-s111,iea-1872,bsa-2023,2024-07-01,maps_to,,ncrb_BSA.html,,
sup-001230-109-112,iea-1872-s109,bsa-2023-s112,iea-1872,bsa-2023,2024-07-01,maps_to,,ncrb_BSA.html,,
sup-001231-110-113,iea-1872-s110,bsa-2023-s113,iea-1872,bsa-2023,2024-07-01,maps_to,,ncrb_BSA.html,,
sup-001232-111-114,iea-1872-s111,bsa-2023-s114,iea-1872,bsa-2023,2024-07-01,maps_to,,ncrb_BSA.html,,
sup-001233-111A-115,iea-1872-s111A,bsa-2023-s115,iea-1872,bsa-2023,2024-07-01,maps_to,,ncrb_BSA.html,,
sup-001234-112-116,iea-1872-s112,bsa-2023-s116,iea-1872,bsa-2023,2024-07-01,maps_to,,ncrb_BSA.html,,
sup-001235-113,iea-1872-s113,,iea-1872,,2024-07-01,repealed_no_successor,repealed 2024-07-01; no corresponding provision,ncrb_BSA.html,,
sup-001236-113A-117,iea-1872-s113A,bsa-2023-s117,iea-1872,bsa-2023,2024-07-01,maps_to,,ncrb_BSA.html,,
sup-001237-113B-118,iea-1872-s113B,bsa-2023-s118,iea-1872,bsa-2023,2024-07-01,maps_to,,ncrb_BSA.html,,
sup-001238-114-119,iea-1872-s114,bsa-2023-s119,iea-1872,bsa-2023,2024-07-01,maps_to,,ncrb_BSA.html,,
sup-001239-114A-120,iea-1872-s114A,bsa-2023-s120,iea-1872,bsa-2023,2024-07-01,maps_to,,ncrb_BSA.html,,
sup-001240-115-121,iea-1872-s115,bsa-2023-s121,iea-1872,bsa-2023,2024-07-01,maps_to,,ncrb_BSA.html,,
sup-001241-116-122,iea-1872-s116,bsa-2023-s122,iea-1872,bsa-2023,2024-07-01,maps_to,,ncrb_BSA.html,,
sup-001242-117-123,iea-1872-s117,bsa-2023-s123,iea-1872,bsa-2023,2024-07-01,maps_to,,ncrb_BSA.html,,
sup-001243-118-124,iea-1872-s118,bsa-2023-s124,iea-1872,bsa-2023,2024-07-01,maps_to,,ncrb_BSA.html,,
sup-001244-119-125,iea-1872-s119,bsa-2023-s125,iea-1872,bsa-2023,2024-07-01,maps_to,,ncrb_BSA.html,,
sup-001245-120-126,iea-1872-s120,bsa-2023-s126,iea-1872,bsa-2023,2024-07-01,maps_to,,ncrb_BSA.html,,
sup-001246-121-127,iea-1872-s121,bsa-2023-s127,iea-1872,bsa-2023,2024-07-01,maps_to,,ncrb_BSA.html,,
sup-001247-122-128,iea-1872-s122,bsa-2023-s128,iea-1872,bsa-2023,2024-07-01,maps_to,,ncrb_BSA.html,,
sup-001248-123-129,iea-1872-s123,bsa-2023-s129,iea-1872,bsa-2023,2024-07-01,maps_to,,ncrb_BSA.html,,
sup-001249-124-130,iea-1872-s124,bsa-2023-s130,iea-1872,bsa-2023,2024-07-01,maps_to,,ncrb_BSA.html,,
sup-001250-125-131,iea-1872-s125,bsa-2023-s131,iea-1872,bsa-2023,2024-07-01,maps_to,,ncrb_BSA.html,,
sup-001251-126-132,iea-1872-s126,bsa-2023-s132,iea-1872,bsa-2023,2024-07-01,maps_to,,ncrb_BSA.html,,
sup-001252-127-132,iea-1872-s127,bsa-2023-s132,iea-1872,bsa-2023,2024-07-01,maps_to,,ncrb_BSA.html,,
sup-001253-128-133,iea-1872-s128,bsa-2023-s133,iea-1872,bsa-2023,2024-07-01,maps_to,,ncrb_BSA.html,,
sup-001254-129-134,iea-1872-s129,bsa-2023-s134,iea-1872,bsa-2023,2024-07-01,maps_to,,ncrb_BSA.html,,
sup-001255-130-135,iea-1872-s130,bsa-2023-s135,iea-1872,bsa-2023,2024-07-01,maps_to,,ncrb_BSA.html,,
sup-001256-131-136,iea-1872-s131,bsa-2023-s136,iea-1872,bsa-2023,2024-07-01,maps_to,,ncrb_BSA.html,,
sup-001257-132-137,iea-1872-s132,bsa-2023-s137,iea-1872,bsa-2023,2024-07-01,maps_to,,ncrb_BSA.html,,
sup-001258-133-138,iea-1872-s133,bsa-2023-s138,iea-1872,bsa-2023,2024-07-01,maps_to,,ncrb_BSA.html,,
sup-001259-134-139,iea-1872-s134,bsa-2023-s139,iea-1872,bsa-2023,2024-07-01,maps_to,,ncrb_BSA.html,,
sup-001260-135-140,iea-1872-s135,bsa-2023-s140,iea-1872,bsa-2023,2024-07-01,maps_to,,ncrb_BSA.html,,
sup-001261-136-141,iea-1872-s136,bsa-2023-s141,iea-1872,bsa-2023,2024-07-01,maps_to,,ncrb_BSA.html,,
sup-001262-137-142,iea-1872-s137,bsa-2023-s142,iea-1872,bsa-2023,2024-07-01,maps_to,,ncrb_BSA.html,,
sup-001263-138-143,iea-1872-s138,bsa-2023-s143,iea-1872,bsa-2023,2024-07-01,maps_to,,ncrb_BSA.html,,
sup-001264-139-144,iea-1872-s139,bsa-2023-s144,iea-1872,bsa-2023,2024-07-01,maps_to,,ncrb_BSA.html,,
sup-001265-140-145,iea-1872-s140,bsa-2023-s145,iea-1872,bsa-2023,2024-07-01,maps_to,,ncrb_BSA.html,,
sup-001266-141-146,iea-1872-s141,bsa-2023-s146,iea-1872,bsa-2023,2024-07-01,maps_to,,ncrb_BSA.html,,
sup-001267-142-146,iea-1872-s142,bsa-2023-s146,iea-1872,bsa-2023,2024-07-01,maps_to,,ncrb_BSA.html,,
sup-001268-143-146,iea-1872-s143,bsa-2023-s146,iea-1872,bsa-2023,2024-07-01,maps_to,,ncrb_BSA.html,,
sup-001269-144-147,iea-1872-s144,bsa-2023-s147,iea-1872,bsa-2023,2024-07-01,maps_to,,ncrb_BSA.html,,
sup-001270-145-148,iea-1872-s145,bsa-2023-s148,iea-1872,bsa-2023,2024-07-01,maps_to,,ncrb_BSA.html,,
sup-001271-146-149,iea-1872-s146,bsa-2023-s149,iea-1872,bsa-2023,2024-07-01,maps_to,,ncrb_BSA.html,,
sup-001272-147-150,iea-1872-s147,bsa-2023-s150,iea-1872,bsa-2023,2024-07-01,maps_to,,ncrb_BSA.html,,
sup-001273-148-151,iea-1872-s148,bsa-2023-s151,iea-1872,bsa-2023,2024-07-01,maps_to,,ncrb_BSA.html,,
sup-001274-149-152,iea-1872-s149,bsa-2023-s152,iea-1872,bsa-2023,2024-07-01,maps_to,,ncrb_BSA.html,,
sup-001275-150-153,iea-1872-s150,bsa-2023-s153,iea-1872,bsa-2023,2024-07-01,maps_to,,ncrb_BSA.html,,
sup-001276-151-154,iea-1872-s151,bsa-2023-s154,iea-1872,bsa-2023,2024-07-01,maps_to,,ncrb_BSA.html,,
sup-001277-152-155,iea-1872-s152,bsa-2023-s155,iea-1872,bsa-2023,2024-07-01,maps_to,,ncrb_BSA.html,,
sup-001278-153-156,iea-1872-s153,bsa-2023-s156,iea-1872,bsa-2023,2024-07-01,maps_to,,ncrb_BSA.html,,
sup-001279-154-157,iea-1872-s154,bsa-2023-s157,iea-1872,bsa-2023,2024-07-01,maps_to,,ncrb_BSA.html,,
sup-001280-155-158,iea-1872-s155,bsa-2023-s158,iea-1872,bsa-2023,2024-07-01,maps_to,,ncrb_BSA.html,,
sup-001281-156-159,iea-1872-s156,bsa-2023-s159,iea-1872,bsa-2023,2024-07-01,maps_to,,ncrb_BSA.html,,
sup-001282-157-160,iea-1872-s157,bsa-2023-s160,iea-1872,bsa-2023,2024-07-01,maps_to,,ncrb_BSA.html,,
sup-001283-158-161,iea-1872-s158,bsa-2023-s161,iea-1872,bsa-2023,2024-07-01,maps_to,,ncrb_BSA.html,,
sup-001283-158-27,iea-1872-s158,bsa-2023-s27,iea-1872,bsa-2023,2024-07-01,maps_to,,ncrb_BSA.html,,
sup-001283-33-161,iea-1872-s33,bsa-2023-s161,iea-1872,bsa-2023,2024-07-01,maps_to,,ncrb_BSA.html,,
sup-001284-159-162,iea-1872-s159,bsa-2023-s162,iea-1872,bsa-2023,2024-07-01,maps_to,,ncrb_BSA.html,,
sup-001285-160-163,iea-1872-s160,bsa-2023-s163,iea-1872,bsa-2023,2024-07-01,maps_to,,ncrb_BSA.html,,
sup-001286-161-164,iea-1872-s161,bsa-2023-s164,iea-1872,bsa-2023,2024-07-01,maps_to,,ncrb_BSA.html,,
sup-001287-162-165,iea-1872-s162,bsa-2023-s165,iea-1872,bsa-2023,2024-07-01,maps_to,,ncrb_BSA.html,,
sup-001288-163-166,iea-1872-s163,bsa-2023-s166,iea-1872,bsa-2023,2024-07-01,maps_to,,ncrb_BSA.html,,
sup-001289-164-167,iea-1872-s164,bsa-2023-s167,iea-1872,bsa-2023,2024-07-01,maps_to,,ncrb_BSA.html,,
sup-001290-165-168,iea-1872-s165,bsa-2023-s168,iea-1872,bsa-2023,2024-07-01,maps_to,,ncrb_BSA.html,,
sup-001291-166,iea-1872-s166,,iea-1872,,2024-07-01,repealed_no_successor,repealed 2024-07-01; no corresponding provision,ncrb_BSA.html,,
sup-001292-167-169,iea-1872-s167,bsa-2023-s169,iea-1872,bsa-2023,2024-07-01,maps_to,,ncrb_BSA.html,,
sup-coi-2A,constitution-1950-art2A,,constitution-1950,,1975-04-26,repealed_no_successor,"Omitted by the Constitution (Thirty-sixth Amendment) Act, 1975, s. 5",legislative.gov.in:COI_english_2025-11.pdf,,
sup-coi-8,constitution-1950-art8,,constitution-1950,,1956-11-01,repealed_no_successor,"Omitted by the Constitution (Seventh Amendment) Act, 1956, s. 29 and Sch",legislative.gov.in:COI_english_2025-11.pdf,,
sup-coi-31,constitution-1950-art31,,constitution-1950,,1979-06-20,repealed_no_successor,"Omitted by the Constitution (Forty- fourth Amendment) Act, 1978, s. 6",legislative.gov.in:COI_english_2025-11.pdf,,
sup-coi-32A,constitution-1950-art32A,,constitution-1950,,1978-04-13,repealed_no_successor,"Omitted by the Constitution (Forty-third Amendment) Act, 1977, s. 3",legislative.gov.in:COI_english_2025-11.pdf,,
sup-coi-79,constitution-1950-art79,,constitution-1950,,1956-11-01,repealed_no_successor,"Omitted by the Constitution (Seventh Amendment) Act, 1956, s. 29 and Sch",legislative.gov.in:COI_english_2025-11.pdf,,
sup-coi-80,constitution-1950-art80,,constitution-1950,,1956-11-01,repealed_no_successor,"Omitted by the Constitution (Seventh Amendment) Act, 1956, s. 29 and Sch",legislative.gov.in:COI_english_2025-11.pdf,,
sup-coi-81,constitution-1950-art81,,constitution-1950,,1956-11-01,repealed_no_successor,"Omitted by the Constitution (Seventh Amendment) Act, 1956, s. 29 and Sch",legislative.gov.in:COI_english_2025-11.pdf,,
sup-coi-82,constitution-1950-art82,,constitution-1950,,1956-11-01,repealed_no_successor,"Omitted by the Constitution (Seventh Amendment) Act, 1956, s. 29 and Sch",legislative.gov.in:COI_english_2025-11.pdf,,
sup-coi-83,constitution-1950-art83,,constitution-1950,,1956-11-01,repealed_no_successor,"Omitted by the Constitution (Seventh Amendment) Act, 1956, s. 29 and Sch",legislative.gov.in:COI_english_2025-11.pdf,,
sup-coi-84,constitution-1950-art84,,constitution-1950,,1956-11-01,repealed_no_successor,"Omitted by the Constitution (Seventh Amendment) Act, 1956, s. 29 and Sch",legislative.gov.in:COI_english_2025-11.pdf,,
sup-coi-85,constitution-1950-art85,,constitution-1950,,1956-11-01,repealed_no_successor,"Omitted by the Constitution (Seventh Amendment) Act, 1956, s. 29 and Sch",legislative.gov.in:COI_english_2025-11.pdf,,
sup-coi-86,constitution-1950-art86,,constitution-1950,,1956-11-01,repealed_no_successor,"Omitted by the Constitution (Seventh Amendment) Act, 1956, s. 29 and Sch",legislative.gov.in:COI_english_2025-11.pdf,,
sup-coi-87,constitution-1950-art87,,constitution-1950,,1956-11-01,repealed_no_successor,"Omitted by the Constitution (Seventh Amendment) Act, 1956, s. 29 and Sch",legislative.gov.in:COI_english_2025-11.pdf,,
sup-coi-89,constitution-1950-art89,,constitution-1950,,1956-11-01,repealed_no_successor,"Omitted by the Constitution (Seventh Amendment) Act, 1956, s. 29 and Sch",legislative.gov.in:COI_english_2025-11.pdf,,
sup-coi-90,constitution-1950-art90,,constitution-1950,,1956-11-01,repealed_no_successor,"Omitted by the Constitution (Seventh Amendment) Act, 1956, s. 29 and Sch",legislative.gov.in:COI_english_2025-11.pdf,,
sup-coi-91,constitution-1950-art91,,constitution-1950,,1956-11-01,repealed_no_successor,"Omitted by the Constitution (Seventh Amendment) Act, 1956, s. 29 and Sch",legislative.gov.in:COI_english_2025-11.pdf,,
sup-coi-144A,constitution-1950-art144A,,constitution-1950,,1978-04-13,repealed_no_successor,"Omitted by the Constitution (Forty-third Amendment) Act, 1977, s. 5",legislative.gov.in:COI_english_2025-11.pdf,,
sup-coi-242,constitution-1950-art242,,constitution-1950,,1956-11-01,repealed_no_successor,"Omitted by the Constitution (Seventh Amendment) Act, 1956, s. 29 and Sch",legislative.gov.in:COI_english_2025-11.pdf,,
sup-coi-257A,constitution-1950-art257A,,constitution-1950,,1979-06-20,repealed_no_successor,"Omitted by the Constitution (Forty-fourth Amendment) Act, 1978, s. 33",legislative.gov.in:COI_english_2025-11.pdf,,
sup-coi-268A,constitution-1950-art268A,,constitution-1950,,2016-09-16,repealed_no_successor,"Omitted by the Constitution (One Hundred and First Amendment) Act, 2016, s. 7",legislative.gov.in:COI_english_2025-11.pdf,,
sup-coi-278,constitution-1950-art278,,constitution-1950,,1956-11-01,repealed_no_successor,"Omitted by the Constitution (Seventh Amendment) Act, 1956, s. 29 and Sch",legislative.gov.in:COI_english_2025-11.pdf,,
sup-coi-291,constitution-1950-art291,,constitution-1950,,1971-12-28,repealed_no_successor,"Omitted by the Constitution (Twenty- sixth Amendment) Act, 1971, s. 2",legislative.gov.in:COI_english_2025-11.pdf,,
sup-coi-306,constitution-1950-art306,,constitution-1950,,1956-11-01,repealed_no_successor,"Omitted by the Constitution (Seventh Amendment) Act, 1956, s. 29 and Sch",legislative.gov.in:COI_english_2025-11.pdf,,
sup-coi-314,constitution-1950-art314,,constitution-1950,,1972-08-29,repealed_no_successor,"Omitted by the Constitution (Twenty-eighth Amendment) Act, 1972, s. 3",legislative.gov.in:COI_english_2025-11.pdf,,
sup-coi-329A,constitution-1950-art329A,,constitution-1950,,1979-06-20,repealed_no_successor,"Omitted by the Constitution (Forty-fourth Amendment) Act, 1978, s. 36",legislative.gov.in:COI_english_2025-11.pdf,,
sup-coi-359A,constitution-1950-art359A,,constitution-1950,,1990-01-06,repealed_no_successor,"Omitted by the Constitution (Sixty-third Amendment) Act, 1989, s. 3",legislative.gov.in:COI_english_2025-11.pdf,,
sup-coi-362,constitution-1950-art362,,constitution-1950,,1971-12-28,repealed_no_successor,"Omitted by the Constitution (Twenty-sixth Amendment) Act, 1971, s. 2",legislative.gov.in:COI_english_2025-11.pdf,,
